design,estimand,feature,median_abs_smd,worst_abs_smd,worst_ecdf
ATT,ATT,active::Inactive,0.01765643115992569,0.020254412182627128,0.00639403185853793
ATT,ATT,active::Moderately_active,0.016505335727551244,0.01845783518932129,0.009221070921317853
ATT,ATT,active::Very_active,0.005345072688663742,0.007414885674918562,0.0036647179829862875
ATT,ATT,age,0.011271942579983294,0.013786066985390585,0.03906716129300769
ATT,ATT,age::ns1,0.0016573929215830151,0.005402504906712973,0.03685664407644121
ATT,ATT,age::ns2,9.331689557428586e-4,0.002453041039940111,0.025870211420172096
ATT,ATT,age::ns3,0.012840548256487052,0.014801858326948933,0.03809312795541886
ATT,ATT,education::8th_grade_or_less,0.017579705267660353,0.028070772806907784,0.011621851355460011
ATT,ATT,education::College_dropout,0.004463852786540936,0.008236731074799768,0.0020642732739210023
ATT,ATT,education::College_or_higher,0.02612799939514651,0.03372913614590265,0.012168579441450111
ATT,ATT,education::High_school,0.004502200898373198,0.01076281031171012,0.005263370353725261
ATT,ATT,education::High_school_dropout,0.0025477297811793377,0.011464805864291381,0.004539429741404422
ATT,ATT,exercise::Moderate,0.018246876651870643,0.024272923058028768,0.01208508212865167
ATT,ATT,exercise::Much,0.015079227554122651,0.019161291966585843,0.00683641240850863
ATT,ATT,exercise::No,0.03020611013984406,0.037503482968861274,0.018380362156432795
ATT,ATT,logit_ps,0.00278583361585323,0.007877835245464721,0.04066435820066372
ATT,ATT,propensity_score,0.007658537207142532,0.014902523568885035,0.04066435820066372
ATT,ATT,race::Black_or_other,0.0014402504931052143,0.002609842807572719,7.461410440957605e-4
ATT,ATT,race::White,0.0014402504931050443,0.0026098428075726704,7.461410440957744e-4
ATT,ATT,sex::Female,0.012787088142349239,0.014790859891043822,0.007374894510251195
ATT,ATT,sex::Male,0.012787088142349407,0.014790859891044046,0.007374894510251084
ATT,ATT,smokeintensity,0.013875864949874816,0.016086409594124437,0.029918695677255136
ATT,ATT,smokeintensity::ns1,0.005614585509955881,0.007518450489798777,0.0501459405740276
ATT,ATT,smokeintensity::ns2,0.00724002345288631,0.01079745196827245,0.04212543935154589
ATT,ATT,smokeintensity::ns3,0.004264622065637226,0.006481054703637632,0.04212543935154578
ATT,ATT,smokeyrs,9.901896522254432e-4,0.0028480084821802826,0.03216897437454727
ATT,ATT,smokeyrs::ns1,0.0031127531091154465,0.004968616436375104,0.04231212688864433
ATT,ATT,smokeyrs::ns2,0.019102365591228132,0.02196838815985085,0.03987703841685575
ATT,ATT,smokeyrs::ns3,0.01060641011972354,0.012711931694894468,0.03987703841685569
ATT,ATT,wt71,0.011845322575615644,0.01942815157528073,0.02881851712545047
ATT,ATT,wt71::ns1,0.017371670700059322,0.023535178523921087,0.03516410565416728
ATT,ATT,wt71::ns2,0.003099154632671997,0.008402518194050839,0.03268873492888713
ATT,ATT,wt71::ns3,0.002648952571010256,0.011352202469278901,0.035898446439409815
CALIPER,ATT,active::Inactive,0.024028148587262762,0.08799182942406807,0.02777777777777779
CALIPER,ATT,active::Moderately_active,0.03048296642612708,0.0758220416916604,0.037878787878787956
CALIPER,ATT,active::Very_active,0.028101623028259,0.08685956208734613,0.04292929292929293
CALIPER,ATT,age,0.01914751200390294,0.049770951404834035,0.058524173027989845
CALIPER,ATT,age::ns1,0.031004982045359404,0.0773136355159164,0.06361323155216292
CALIPER,ATT,age::ns2,0.02271602603368964,0.053162290033309086,0.05089058524173029
CALIPER,ATT,age::ns3,0.014558958841856928,0.039477305597660814,0.06361323155216292
CALIPER,ATT,education::8th_grade_or_less,0.03415419740411854,0.06972992936326716,0.028132992327365658
CALIPER,ATT,education::College_dropout,0.030533985960422994,0.1233640920808071,0.030379746835442978
CALIPER,ATT,education::College_or_higher,0.020645188955130185,0.06326892120125116,0.022727272727272818
CALIPER,ATT,education::High_school,0.023333786020533945,0.08340786003615862,0.04092071611253201
CALIPER,ATT,education::High_school_dropout,0.026029805502113475,0.07850763486781431,0.030303030303030276
CALIPER,ATT,exercise::Moderate,0.02803279118934732,0.09700614116973623,0.0483460559796437
CALIPER,ATT,exercise::Much,0.017597092874717384,0.0847202588293348,0.030226700251889116
CALIPER,ATT,exercise::No,0.0359531756093177,0.07180581463760437,0.035264483627204024
CALIPER,ATT,logit_ps,0.010438428806606649,0.016432455538955375,0.030226700251889227
CALIPER,ATT,propensity_score,0.0123185621850084,0.019353303960634324,0.030226700251889227
CALIPER,ATT,race::Black_or_other,0.017733019297557363,0.0796964237543511,0.02278481012658229
CALIPER,ATT,race::White,0.017733019297557485,0.07969642375435114,0.022784810126582275
CALIPER,ATT,sex::Female,0.03313213166191102,0.08631562833254987,0.04303797468354431
CALIPER,ATT,sex::Male,0.03313213166191108,0.08631562833254987,0.04303797468354431
CALIPER,ATT,smokeintensity,0.027346113882212218,0.06678708839219485,0.07161125319693096
CALIPER,ATT,smokeintensity::ns1,0.023218589486560984,0.07191494290691954,0.07341772151898737
CALIPER,ATT,smokeintensity::ns2,0.02641202605051885,0.05816267865390161,0.07672634271099743
CALIPER,ATT,smokeintensity::ns3,0.025106678658355308,0.08095289595127517,0.07672634271099743
CALIPER,ATT,smokeyrs,0.015212592857457572,0.08083082284732548,0.06060606060606055
CALIPER,ATT,smokeyrs::ns1,0.026210429458397674,0.0714025463096207,0.06565656565656565
CALIPER,ATT,smokeyrs::ns2,0.020701739078724538,0.05693597749473079,0.0732323232323232
CALIPER,ATT,smokeyrs::ns3,0.015740411294211436,0.0739311029010017,0.08080808080808077
CALIPER,ATT,wt71,0.022291273850551983,0.07960646452527341,0.0661577608142494
CALIPER,ATT,wt71::ns1,0.024342093598220562,0.06911551685232656,0.06361323155216281
CALIPER,ATT,wt71::ns2,0.019284051699151622,0.08928470182649759,0.06106870229007633
CALIPER,ATT,wt71::ns3,0.029787011880153653,0.05455686380230782,0.0661577608142494
FULL,ATE,active::Inactive,0.02402754191797326,0.05817465003334158,0.01751748331171399
FULL,ATE,active::Moderately_active,0.043154216940585105,0.1287337767130088,0.06421363099720612
FULL,ATE,active::Very_active,0.029987440947270946,0.10419017261487738,0.05170958139876003
FULL,ATE,age,0.026809450624037272,0.06154344331890324,0.06460655326135756
FULL,ATE,age::ns1,0.02611377599844389,0.06192651902176298,0.06607498002891896
FULL,ATE,age::ns2,0.03421529556677724,0.10869802232610078,0.0676449284719225
FULL,ATE,age::ns3,0.02700549173132804,0.0875919530630402,0.06461303478327873
FULL,ATE,education::8th_grade_or_less,0.02722062934865544,0.0657018324636167,0.025658355770579955
FULL,ATE,education::College_dropout,0.10817886219590653,0.1863119623975497,0.04830707301765447
FULL,ATE,education::College_or_higher,0.013541658577760352,0.0571291569998707,0.01895423984892608
FULL,ATE,education::High_school,0.019737158733752917,0.0704382622217495,0.03448588917632189
FULL,ATE,education::High_school_dropout,0.023209061353244867,0.0747445991165206,0.03017065434395494
FULL,ATE,exercise::Moderate,0.031397714736974384,0.10835054989855276,0.0537224960581304
FULL,ATE,exercise::Much,0.03757511543367288,0.09544773949640972,0.03646666162932466
FULL,ATE,exercise::No,0.049578986765936056,0.09494085403058895,0.04621474830190708
FULL,ATE,logit_ps,0.0016667955545379004,0.0026947168372442013,0.029422181055384522
FULL,ATE,propensity_score,0.001294438665911471,0.0023571075527567212,0.029422181055384522
FULL,ATE,race::Black_or_other,0.03007076950582207,0.07362699554463917,0.02364719420500483
FULL,ATE,race::White,0.030070769505822027,0.073626995544639,0.023647194205004884
FULL,ATE,sex::Female,0.017172519196179504,0.06904772500798759,0.0344422606597537
FULL,ATE,sex::Male,0.017172519196179556,0.06904772500798746,0.034442260659753754
FULL,ATE,smokeintensity,0.027180528604552244,0.10284214553681587,0.04967945518680794
FULL,ATE,smokeintensity::ns1,0.02267075848985755,0.09351439029657006,0.05661010670161426
FULL,ATE,smokeintensity::ns2,0.014757955357486656,0.06242878250537815,0.05525352663567318
FULL,ATE,smokeintensity::ns3,0.026916985542860726,0.0765547091601781,0.055224241033265065
FULL,ATE,smokeyrs,0.03524156126360934,0.0967959148174392,0.09507398806500839
FULL,ATE,smokeyrs::ns1,0.04416045278847534,0.0870461676032755,0.10857997832524421
FULL,ATE,smokeyrs::ns2,0.02979582185191323,0.10380291107303317,0.08089224350775875
FULL,ATE,smokeyrs::ns3,0.016279358272034094,0.0783651328009278,0.06924551434629833
FULL,ATE,wt71,0.03612978678421202,0.07845933217951825,0.08132933844126139
FULL,ATE,wt71::ns1,0.033945432403898496,0.08855588927908441,0.08980469665488877
FULL,ATE,wt71::ns2,0.026011956828358343,0.06523732571840798,0.06514374260979483
FULL,ATE,wt71::ns3,0.024200619712860173,0.07264755948803847,0.06689746796330265
GENETIC,ATT,active::Inactive,0.015759730643116684,0.08667851853714167,0.027363184079602032
GENETIC,ATT,active::Moderately_active,0.014938073885521187,0.05975229554208464,0.02985074626865669
GENETIC,ATT,active::Very_active,0.005033126512524097,0.04529813861271609,0.02238805970149249
GENETIC,ATT,age,0.08513801007945314,0.11839981330045822,0.08208955223880599
GENETIC,ATT,age::ns1,0.02446338252106908,0.0571384995769532,0.06467661691542292
GENETIC,ATT,age::ns2,0.01816310833666663,0.053322777362254714,0.06965174129353235
GENETIC,ATT,age::ns3,0.0900926239263325,0.13481716314992223,0.07462686567164178
GENETIC,ATT,education::8th_grade_or_less,0.012360775700634626,0.06813289132396506,0.027363184079602032
GENETIC,ATT,education::College_dropout,0.005050665046840664,0.12345245373690736,0.02985074626865669
GENETIC,ATT,education::College_or_higher,0.01404158358722374,0.1100636317764833,0.03980099502487555
GENETIC,ATT,education::High_school,0.012740655162107165,0.1529503805095145,0.07462686567164178
GENETIC,ATT,education::High_school_dropout,0.006479417158141229,0.06444656593626547,0.02487562189054726
GENETIC,ATT,exercise::Moderate,0.0074936507472745315,0.0648567093192338,0.03233830845771146
GENETIC,ATT,exercise::Much,0.003395320901513959,0.020774869648172,0.007462686567164201
GENETIC,ATT,exercise::No,0.010101768973732082,0.05589206377983344,0.027363184079602032
GENETIC,ATT,logit_ps,0.2125693663711961,0.2690358321613365,0.1393034825870647
GENETIC,ATT,propensity_score,0.21613809200334555,0.2793115108638214,0.1393034825870647
GENETIC,ATT,race::Black_or_other,0,0.06090674728600908,0.01741293532338306
GENETIC,ATT,race::White,0,0.060906747286008985,0.01741293532338309
GENETIC,ATT,sex::Female,0.004988977639941147,0.04988977639941058,0.02487562189054726
GENETIC,ATT,sex::Male,0.004988977639941147,0.04988977639941058,0.02487562189054726
GENETIC,ATT,smokeintensity,0.049607718239108395,0.07275245527073873,0.08208955223880599
GENETIC,ATT,smokeintensity::ns1,0.01165023228353688,0.028331060507058064,0.05472636815920401
GENETIC,ATT,smokeintensity::ns2,0.17022170695658825,0.19938693381322156,0.09950248756218905
GENETIC,ATT,smokeintensity::ns3,0.13491063568829303,0.1730980906426208,0.09950248756218905
GENETIC,ATT,smokeyrs,0.018132711368991302,0.04848812070876818,0.059701492537313466
GENETIC,ATT,smokeyrs::ns1,0.044326857261596506,0.08532172586156012,0.07462686567164178
GENETIC,ATT,smokeyrs::ns2,0.034100855755888934,0.09334358685455459,0.06467661691542292
GENETIC,ATT,smokeyrs::ns3,0.060591675678929244,0.11471592802933614,0.05970149253731344
GENETIC,ATT,wt71,0.08193236129530938,0.12195771282104038,0.07711442786069655
GENETIC,ATT,wt71::ns1,0.06860574755701024,0.10705202740446522,0.07711442786069655
GENETIC,ATT,wt71::ns2,0.10201891987619834,0.1445855233014423,0.0845771144278607
GENETIC,ATT,wt71::ns3,0.1283997177026483,0.16512367448467907,0.08955223880597019
IPTW,ATE,active::Inactive,0.02285904224213254,0.028143977377688197,0.008474681906231574
IPTW,ATE,active::Moderately_active,0.02977129194242155,0.03431875381111406,0.01711852048296314
IPTW,ATE,active::Very_active,0.015838405134763478,0.021357344247792384,0.010599649689848722
IPTW,ATE,age,0.00590987328861837,0.009003556235081105,0.03182704642134937
IPTW,ATE,age::ns1,0.0024297097757990877,0.005056239000302789,0.0409061974800137
IPTW,ATE,age::ns2,0.00502793947706956,0.010782804315969969,0.02401057035497678
IPTW,ATE,age::ns3,0.005081327933065481,0.0081218818153366,0.027882582082588536
IPTW,ATE,education::8th_grade_or_less,0.02622697757673219,0.035538302584238714,0.014210904394760027
IPTW,ATE,education::College_dropout,0.031012024581474992,0.053599826390060626,0.014008836322853324
IPTW,ATE,education::College_or_higher,0.001841882394014878,0.005877061672331274,0.0019497344050604104
IPTW,ATE,education::High_school,0.010220102516159449,0.02423056526083972,0.011877163772395782
IPTW,ATE,education::High_school_dropout,0.013853839079234417,0.023283262773706407,0.009384763573894506
IPTW,ATE,exercise::Moderate,0.033950462951362365,0.04159654285036591,0.020650862739510556
IPTW,ATE,exercise::Much,0.0038076296883789522,0.010498434892580826,0.003988413856934048
IPTW,ATE,exercise::No,0.03305974748732782,0.04329202603545402,0.02105205527789633
IPTW,ATE,logit_ps,0.017747356967666883,0.025574157343333858,0.05003111706750579
IPTW,ATE,propensity_score,0.009707024186255643,0.01350053915360472,0.05003111706750579
IPTW,ATE,race::Black_or_other,0.002027774662460168,0.009265889223214368,0.002975977497419069
IPTW,ATE,race::White,0.0020277746624603405,0.009265889223214715,0.002975977497418958
IPTW,ATE,sex::Female,0.003422150422081215,0.0057335177462022055,0.002859982898628044
IPTW,ATE,sex::Male,0.003422150422081326,0.0057335177462020945,0.0028599828986280995
IPTW,ATE,smokeintensity,0.034394500929814456,0.03781254913484641,0.03148184191974579
IPTW,ATE,smokeintensity::ns1,0.022807509824989212,0.026774825710304907,0.039834593926305395
IPTW,ATE,smokeintensity::ns2,4.766731468957574e-4,0.002857708240099932,0.03951095499936835
IPTW,ATE,smokeintensity::ns3,0.0250494845657113,0.029732751611227647,0.040400471693851414
IPTW,ATE,smokeyrs,0.003279218873821358,0.006196320913444542,0.04435445487877754
IPTW,ATE,smokeyrs::ns1,0.008218007869322495,0.011839585229751856,0.06105688787043348
IPTW,ATE,smokeyrs::ns2,0.005054740132124091,0.008524198587235049,0.04706787877901519
IPTW,ATE,smokeyrs::ns3,0.006108082299986234,0.0082466248946194,0.04706787877901525
IPTW,ATE,wt71,0.009796752100570304,0.013610105653732538,0.041626006811566474
IPTW,ATE,wt71::ns1,0.014859714441309197,0.020380692170703193,0.04626915425765343
IPTW,ATE,wt71::ns2,0.00972817974194836,0.01677894531215133,0.031280004080376955
IPTW,ATE,wt71::ns3,0.008526700235835665,0.013236639388410002,0.04058670479790549
NEAREST,ATT,active::Inactive,0.027579528625454177,0.08667851853714167,0.027363184079602032
NEAREST,ATT,active::Moderately_active,0.034855505732882736,0.08464908535128643,0.04228855721393038
NEAREST,ATT,active::Very_active,0.025165632562620038,0.08053002420038409,0.03980099502487566
NEAREST,ATT,age,0.023191716007306358,0.05350369570106607,0.062189054726368154
NEAREST,ATT,age::ns1,0.029542043463380428,0.07333502404932818,0.06716417910447758
NEAREST,ATT,age::ns2,0.022277927124101368,0.04792173473117757,0.057213930348258724
NEAREST,ATT,age::ns3,0.021173087357224892,0.03931960707169871,0.07213930348258712
NEAREST,ATT,education::8th_grade_or_less,0.027725878550162328,0.08015315037392298,0.03233830845771146
NEAREST,ATT,education::College_dropout,0.030040562251720297,0.12121596112417617,0.02985074626865669
NEAREST,ATT,education::College_or_higher,0.02037871638629693,0.0687897698603021,0.02487562189054726
NEAREST,ATT,education::High_school,0.017829992484209266,0.08112555540830342,0.03980099502487566
NEAREST,ATT,education::High_school_dropout,0.025445471702337498,0.07733587912351858,0.02985074626865669
NEAREST,ATT,exercise::Moderate,0.032475793902958495,0.0948343618898168,0.04726368159203975
NEAREST,ATT,exercise::Much,0.024289141662478177,0.07669431391121573,0.027363184079602032
NEAREST,ATT,exercise::No,0.0304406406071967,0.07630042590608152,0.03731343283582089
NEAREST,ATT,logit_ps,0.033626383896672565,0.039608315463914794,0.04477611940298509
NEAREST,ATT,propensity_score,0.03904253126744526,0.04585412379790391,0.04477611940298509
NEAREST,ATT,race::Black_or_other,0.01740192779600256,0.07830867508201164,0.022388059701492602
NEAREST,ATT,race::White,0.0174019277960029,0.07830867508201188,0.022388059701492533
NEAREST,ATT,sex::Female,0.03242835465961685,0.08481261987899795,0.04228855721393032
NEAREST,ATT,sex::Male,0.03242835465961679,0.08481261987899795,0.04228855721393032
NEAREST,ATT,smokeintensity,0.029325976709742435,0.06672592313582873,0.07213930348258701
NEAREST,ATT,smokeintensity::ns1,0.021655194914263518,0.07706233261647513,0.06965174129353235
NEAREST,ATT,smokeintensity::ns2,0.039415468556590776,0.07670516664226684,0.07960199004975121
NEAREST,ATT,smokeintensity::ns3,0.02431428862156393,0.09110656798841095,0.07960199004975121
NEAREST,ATT,smokeyrs,0.02254283464208156,0.07082071287793108,0.059701492537313494
NEAREST,ATT,smokeyrs::ns1,0.02303793469353717,0.07622223751824761,0.06467661691542287
NEAREST,ATT,smokeyrs::ns2,0.025367818155729728,0.05295521106276327,0.07462686567164178
NEAREST,ATT,smokeyrs::ns3,0.012736533061610255,0.05690100398725408,0.07960199004975127
NEAREST,ATT,wt71,0.024475854602667206,0.06901114282752535,0.062189054726368154
NEAREST,ATT,wt71::ns1,0.027853266781155947,0.0729179696633591,0.06716417910447758
NEAREST,ATT,wt71::ns2,0.02176107777309755,0.09097021178290667,0.05970149253731338
NEAREST,ATT,wt71::ns3,0.025469097841329145,0.0590853505446052,0.062189054726368154
OVERLAP,Overlap,active::Inactive,9.676051890118799e-14,1.2512732022706615e-13,3.752553823233029e-14
OVERLAP,Overlap,active::Moderately_active,3.733688147386092e-14,7.378346473075944e-14,3.697042672001771e-14
OVERLAP,Overlap,active::Very_active,9.540804586584477e-14,1.457405436848719e-13,7.249756350802272e-14
OVERLAP,Overlap,age,2.492160305932606e-13,3.7012867177077373e-13,0.03295493127965787
OVERLAP,Overlap,age::ns1,1.599573179840737e-13,2.4823347473897315e-13,0.04025028806332094
OVERLAP,Overlap,age::ns2,1.6953386666995166e-14,8.82346715168612e-14,0.02230662060899402
OVERLAP,Overlap,age::ns3,2.1384233051001145e-13,2.8061814586892624e-13,0.03273167713486835
OVERLAP,Overlap,education::8th_grade_or_less,5.4693548250653305e-14,1.0329368650694296e-13,4.030109579389318e-14
OVERLAP,Overlap,education::College_dropout,2.217888261803351e-14,6.065434827000901e-14,1.5765166949677223e-14
OVERLAP,Overlap,education::College_or_higher,2.1955543070492113e-13,3.139777255408509e-13,1.0624834345662748e-13
OVERLAP,Overlap,education::High_school,4.140036384811776e-14,6.62408696109248e-14,3.275157922644212e-14
OVERLAP,Overlap,education::High_school_dropout,1.6814988026440474e-13,2.4863037503728865e-13,1.0058620603103918e-13
OVERLAP,Overlap,exercise::Moderate,1.0783920922320188e-13,1.7145862014555037e-13,8.515410598874951e-14
OVERLAP,Overlap,exercise::Much,3.864019172200944e-14,8.34949380644817e-14,3.2085445411667024e-14
OVERLAP,Overlap,exercise::No,1.1598377987606344e-13,1.5923262771784647e-13,7.749356711883593e-14
OVERLAP,Overlap,logit_ps,9.565915624171048e-13,1.284815846310521e-12,0.03580319008339744
OVERLAP,Overlap,propensity_score,0.007183385247475897,0.011049995954420076,0.03580319008339744
OVERLAP,Overlap,race::Black_or_other,1.4731146642049503e-12,1.9831794014230286e-12,6.370459715299148e-13
OVERLAP,Overlap,race::White,1.4729202221432383e-12,1.983481866852359e-12,6.369488270152601e-13
OVERLAP,Overlap,sex::Female,1.591936795845128e-13,2.296929427909363e-13,1.1468603844377867e-13
OVERLAP,Overlap,sex::Male,1.5913803691426307e-13,2.299155134719353e-13,1.1457501614131615e-13
OVERLAP,Overlap,smokeintensity,8.148195150049888e-14,1.19594565322319e-13,0.025372241360003378
OVERLAP,Overlap,smokeintensity::ns1,1.843571265587128e-13,2.4492911529361066e-13,0.043371972079060406
OVERLAP,Overlap,smokeintensity::ns2,2.2194401258448999e-13,2.821878087969975e-13,0.039992506296596786
OVERLAP,Overlap,smokeintensity::ns3,2.1826577362077243e-13,2.827400852040081e-13,0.039992506296596564
OVERLAP,Overlap,smokeyrs,1.5133103575771606e-13,2.453964136625939e-13,0.03201715366058169
OVERLAP,Overlap,smokeyrs::ns1,1.142679839788595e-13,2.0296634971105868e-13,0.04559127570284033
OVERLAP,Overlap,smokeyrs::ns2,1.2728658166754044e-13,1.7075784633661305e-13,0.03797172759451295
OVERLAP,Overlap,smokeyrs::ns3,1.9353014881492162e-13,2.633103099319911e-13,0.03797172759451298
OVERLAP,Overlap,wt71,1.4179212592928588e-14,8.991867162630851e-14,0.03125025946057708
OVERLAP,Overlap,wt71::ns1,1.1441852955710314e-14,6.390804132567635e-14,0.034450046561783146
OVERLAP,Overlap,wt71::ns2,7.558143934636058e-14,1.3526149375756446e-13,0.028419936225882514
OVERLAP,Overlap,wt71::ns3,3.3997211514377546e-14,6.216713758964742e-14,0.0357944437697022
STABILIZED_IPTW,ATE,active::Inactive,0.022859042242132564,0.028143977377688242,0.008474681906231574
STABILIZED_IPTW,ATE,active::Moderately_active,0.02977129194242177,0.03431875381111417,0.01711852048296303
STABILIZED_IPTW,ATE,active::Very_active,0.015838405134763478,0.021357344247792384,0.010599649689848611
STABILIZED_IPTW,ATE,age,0.005909873288618667,0.009003556235081697,0.03182704642134959
STABILIZED_IPTW,ATE,age::ns1,0.002429709775799146,0.005056239000302789,0.04090619748001367
STABILIZED_IPTW,ATE,age::ns2,0.0050279394770691745,0.010782804315971124,0.02401057035497678
STABILIZED_IPTW,ATE,age::ns3,0.005081327933065542,0.0081218818153366,0.027882582082588314
STABILIZED_IPTW,ATE,education::8th_grade_or_less,0.02622697757673212,0.035538302584238575,0.014210904394760138
STABILIZED_IPTW,ATE,education::College_dropout,0.031012024581474992,0.05359982639006052,0.014008836322853435
STABILIZED_IPTW,ATE,education::College_or_higher,0.0018418823940149196,0.0058770616723311485,0.0019497344050604104
STABILIZED_IPTW,ATE,education::High_school,0.010220102516159391,0.02423056526083972,0.011877163772395893
STABILIZED_IPTW,ATE,education::High_school_dropout,0.013853839079234417,0.023283262773706407,0.009384763573894506
STABILIZED_IPTW,ATE,exercise::Moderate,0.033950462951362365,0.0415965428503658,0.020650862739510667
STABILIZED_IPTW,ATE,exercise::Much,0.003807629688378916,0.010498434892580899,0.003988413856933715
STABILIZED_IPTW,ATE,exercise::No,0.03305974748732787,0.04329202603545379,0.021052055277896442
STABILIZED_IPTW,ATE,logit_ps,0.017747356967666886,0.025574157343333494,0.050031117067505765
STABILIZED_IPTW,ATE,propensity_score,0.009707024186255181,0.01350053915360472,0.050031117067505765
STABILIZED_IPTW,ATE,race::Black_or_other,0.002027774662460081,0.009265889223214283,0.002975977497418958
STABILIZED_IPTW,ATE,race::White,0.0020277746624603405,0.009265889223214368,0.00297597749741893
STABILIZED_IPTW,ATE,sex::Female,0.003422150422081215,0.0057335177462022055,0.002859982898628155
STABILIZED_IPTW,ATE,sex::Male,0.0034221504220812706,0.0057335177462023166,0.0028599828986280995
STABILIZED_IPTW,ATE,smokeintensity,0.034394500929814456,0.03781254913484641,0.03148184191974557
STABILIZED_IPTW,ATE,smokeintensity::ns1,0.022807509824989206,0.026774825710304925,0.03983459392630531
STABILIZED_IPTW,ATE,smokeintensity::ns2,4.766731468954114e-4,0.0028577082400992404,0.03951095499936835
STABILIZED_IPTW,ATE,smokeintensity::ns3,0.025049484565711197,0.029732751611227855,0.040400471693851636
STABILIZED_IPTW,ATE,smokeyrs,0.003279218873821358,0.006196320913444542,0.04435445487877754
STABILIZED_IPTW,ATE,smokeyrs::ns1,0.00821800786932244,0.011839585229751856,0.06105688787043348
STABILIZED_IPTW,ATE,smokeyrs::ns2,0.005054740132123582,0.00852419858723454,0.047067878779015304
STABILIZED_IPTW,ATE,smokeyrs::ns3,0.006108082299986233,0.0082466248946194,0.04706787877901522
STABILIZED_IPTW,ATE,wt71,0.009796752100570762,0.013610105653733455,0.04162600681156653
STABILIZED_IPTW,ATE,wt71::ns1,0.014859714441309166,0.020380692170703225,0.04626915425765349
STABILIZED_IPTW,ATE,wt71::ns2,0.009728179741947857,0.01677894531215133,0.03128000408037701
STABILIZED_IPTW,ATE,wt71::ns3,0.008526700235834957,0.013236639388410477,0.04058670479790549
TRUNCATED_IPTW,Modified-weight ATE,active::Inactive,0.015381247331143356,0.021489181045612704,0.006470797334116818
TRUNCATED_IPTW,Modified-weight ATE,active::Moderately_active,0.02749801631268558,0.030306221457459967,0.01511703121961061
TRUNCATED_IPTW,Modified-weight ATE,active::Very_active,0.018453579635491303,0.021909750478706535,0.010873808895517811
TRUNCATED_IPTW,Modified-weight ATE,age,0.022605495223647173,0.024724021687336586,0.03877942309456506
TRUNCATED_IPTW,Modified-weight ATE,age::ns1,0.011478165421206117,0.015371561184056188,0.04123751805262077
TRUNCATED_IPTW,Modified-weight ATE,age::ns2,0.004343557227551543,0.007227967599084713,0.025794857520236636
TRUNCATED_IPTW,Modified-weight ATE,age::ns3,0.0174511430179175,0.020683778996381345,0.03511247314145971
TRUNCATED_IPTW,Modified-weight ATE,education::8th_grade_or_less,0.018082933531439926,0.025076344695726418,0.009810746789451485
TRUNCATED_IPTW,Modified-weight ATE,education::College_dropout,0.021919970635812178,0.030626591962397882,0.008004557902963838
TRUNCATED_IPTW,Modified-weight ATE,education::College_or_higher,0.010379833903471997,0.01455624158015125,0.0047794128371082545
TRUNCATED_IPTW,Modified-weight ATE,education::High_school,0.008328022554882289,0.016686663163420157,0.008208462331008026
TRUNCATED_IPTW,Modified-weight ATE,education::High_school_dropout,0.016696096256943203,0.024776962648650886,0.010091427617887838
TRUNCATED_IPTW,Modified-weight ATE,exercise::Moderate,0.03412673935993772,0.040370020557661444,0.020041948109160046
TRUNCATED_IPTW,Modified-weight ATE,exercise::Much,0.004119151533962811,0.009763408558897046,0.0037476920322324636
TRUNCATED_IPTW,Modified-weight ATE,exercise::No,0.03112224247300982,0.03925421033948023,0.019088545435137383
TRUNCATED_IPTW,Modified-weight ATE,logit_ps,0.07055814678254943,0.07689633010887963,0.06709484165713789
TRUNCATED_IPTW,Modified-weight ATE,propensity_score,0.04962026921456307,0.05320282464400658,0.06709484165713789
TRUNCATED_IPTW,Modified-weight ATE,race::Black_or_other,0.039585450915227915,0.043405640137408885,0.013940832358147026
TRUNCATED_IPTW,Modified-weight ATE,race::White,0.03958545091522811,0.043405640137408455,0.013940832358147165
TRUNCATED_IPTW,Modified-weight ATE,sex::Female,0.02180557695758093,0.025604115689625048,0.012771798440028959
TRUNCATED_IPTW,Modified-weight ATE,sex::Male,0.021805576957580765,0.02560411568962527,0.012771798440028848
TRUNCATED_IPTW,Modified-weight ATE,smokeintensity,0.04667566000001237,0.04887182353300244,0.03717690192895362
TRUNCATED_IPTW,Modified-weight ATE,smokeintensity::ns1,0.03648289319719267,0.03896329265058889,0.043986719566353305
TRUNCATED_IPTW,Modified-weight ATE,smokeintensity::ns2,0.01156605636737632,0.012858120027871667,0.03292017013639065
TRUNCATED_IPTW,Modified-weight ATE,smokeintensity::ns3,0.018064474536248803,0.02279758402319978,0.035569752752822814
TRUNCATED_IPTW,Modified-weight ATE,smokeyrs,0.004235773294685791,0.006940407082578599,0.039747429078410335
TRUNCATED_IPTW,Modified-weight ATE,smokeyrs::ns1,0.0014852334392021658,0.003924138226144866,0.05613495690710957
TRUNCATED_IPTW,Modified-weight ATE,smokeyrs::ns2,0.011526697796494387,0.014708076982521147,0.046438820115824675
TRUNCATED_IPTW,Modified-weight ATE,smokeyrs::ns3,0.014261339703445442,0.016620505549441493,0.04643882011582473
TRUNCATED_IPTW,Modified-weight ATE,wt71,0.005936063169765872,0.009927266925972334,0.03713234409366395
TRUNCATED_IPTW,Modified-weight ATE,wt71::ns1,0.009592197113743407,0.016985903730896347,0.041397664583986915
TRUNCATED_IPTW,Modified-weight ATE,wt71::ns2,0.010914124529196882,0.01692979081549828,0.02840665507674911
TRUNCATED_IPTW,Modified-weight ATE,wt71::ns3,0.008930596447618417,0.012660139942242063,0.037858954482380636
UNADJUSTED,Descriptive,active::Inactive,0.0740077434856864,0.0740077434856864,0.022285126093669616
UNADJUSTED,Descriptive,active::Moderately_active,0.02849467709723773,0.02849467709723773,0.01421341568021961
UNADJUSTED,Descriptive,active::Very_active,0.07354129089321974,0.07354129089321974,0.036498541773889115
UNADJUSTED,Descriptive,age,0.28002145324366196,0.28002145324366196,0.12985932406930867
UNADJUSTED,Descriptive,age::ns1,0.20316637000696725,0.20316637000696725,0.10091782466975463
UNADJUSTED,Descriptive,age::ns2,0.04050603016422676,0.04050603016422676,0.07714873906330418
UNADJUSTED,Descriptive,age::ns3,0.1937967762724057,0.1937967762724057,0.1019085606450506
UNADJUSTED,Descriptive,education::8th_grade_or_less,0.06880457529756862,0.09470689972076618,0.03787098987819526
UNADJUSTED,Descriptive,education::College_dropout,0.06134245614584305,0.0762159756560745,0.019707496997769747
UNADJUSTED,Descriptive,education::College_or_higher,0.15716157295532665,0.194046157751912,0.06580459770114944
UNADJUSTED,Descriptive,education::High_school,0.04890669309169175,0.06406274898386081,0.031274661176874274
UNADJUSTED,Descriptive,education::High_school_dropout,0.1098616952585825,0.12263266495063109,0.049442442957625676
UNADJUSTED,Descriptive,exercise::Moderate,0.049998678736400216,0.07458623955393225,0.03702178761365593
UNADJUSTED,Descriptive,exercise::Much,0.1266866865050097,0.15797275240714817,0.06013038256990899
UNADJUSTED,Descriptive,exercise::No,0.049767252518592694,0.0880329200473834,0.04300909246869111
UNADJUSTED,Descriptive,logit_ps,0.6203134252192648,0.6307485078463374,0.2554168811116829
UNADJUSTED,Descriptive,propensity_score,0.6006876804270072,0.6136017172455268,0.2554168811116829
UNADJUSTED,Descriptive,race::Black_or_other,0.17478730325752181,0.17478730325752181,0.05613741636644365
UNADJUSTED,Descriptive,race::White,0.1747873032575218,0.1747873032575218,0.05613741636644366
UNADJUSTED,Descriptive,sex::Female,0.1588933220232893,0.1588933220232893,0.07925887802367476
UNADJUSTED,Descriptive,sex::Male,0.1588933220232894,0.1588933220232894,0.0792588780236747
UNADJUSTED,Descriptive,smokeintensity,0.22049123508219773,0.22537414539085687,0.1524189397838394
UNADJUSTED,Descriptive,smokeintensity::ns1,0.1401664493271973,0.14719756672993634,0.11741722422370904
UNADJUSTED,Descriptive,smokeintensity::ns2,0.2678864654109139,0.2744506826831872,0.11243352204494766
UNADJUSTED,Descriptive,smokeintensity::ns3,0.1315149370584022,0.13648886054440446,0.1123091439354949
UNADJUSTED,Descriptive,smokeyrs,0.15715026462203086,0.15910245317748264,0.0870732544175673
UNADJUSTED,Descriptive,smokeyrs::ns1,0.1208627829435417,0.12228523192545483,0.06729713501458223
UNADJUSTED,Descriptive,smokeyrs::ns2,0.11911542816927143,0.12296043377941117,0.08393806827929323
UNADJUSTED,Descriptive,smokeyrs::ns3,0.18512516314922095,0.1892795608846308,0.09066306399039287
UNADJUSTED,Descriptive,wt71,0.14947202106883567,0.1606127440998844,0.07785640761708695
UNADJUSTED,Descriptive,wt71::ns1,0.13879658115273721,0.15221641889351126,0.08026676960027451
UNADJUSTED,Descriptive,wt71::ns2,0.009315797983246311,0.022437092883743855,0.04496911991765318
UNADJUSTED,Descriptive,wt71::ns3,0.06947134146753745,0.08806658960515473,0.047949905644192825
