variable,level,FALSE,TRUE,SMD
n,,  233, 1329,
qsmk....,Continued,  174 (74.7) ,  986 (74.2) , 0.011
X,Quit,   59 (25.3) ,  343 (25.8) ,
sex....,Male,  130 (55.8) ,  629 (47.3) , 0.170
X.1,Female,  103 (44.2) ,  700 (52.7) ,
race....,White,  208 (89.3) , 1149 (86.5) , 0.086
X.2,Black_or_other,   25 (10.7) ,  180 (13.5) ,
age..mean..SD..,,46.24 (12.29),43.21 (11.90), 0.250
education....,8th_grade_or_less,   37 (15.9) ,  239 (18.0) , 0.926
X.3,High_school_dropout,   40 (17.2) ,  284 (21.4) ,
X.4,High_school,   59 (25.3) ,  548 (41.2) ,
X.5,College_dropout,   14 ( 6.0) ,  102 ( 7.7) ,
X.6,College_or_higher,   15 ( 6.4) ,  156 (11.7) ,
X.7,NA,   68 (29.2) ,    0 ( 0.0) ,
smokeintensity..mean..SD..,,20.94 (12.32),20.44 (11.68), 0.041
smokeyrs..mean..SD..,,27.90 (12.99),24.02 (11.74), 0.313
exercise....,Much,   27 (11.6) ,  247 (18.6) , 1.308
X.8,Moderate,   56 (24.0) ,  571 (43.0) ,
X.9,No,   43 (18.5) ,  511 (38.4) ,
X.10,NA,  107 (45.9) ,    0 ( 0.0) ,
active....,Very_active,  107 (45.9) ,  592 (44.5) , 0.080
X.11,Moderately_active,  100 (42.9) ,  614 (46.2) ,
X.12,Inactive,   26 (11.2) ,  123 ( 9.3) ,
wt71..mean..SD..,,73.08 (15.65),70.66 (15.40), 0.156
