design,estimand,imputations,median_max_smd,worst_smd,worst_ecdf,all_balance_pass,median_ess,min_ess,max_weight
ATT,ATT,20,0.030940616677019434,0.037503482968861274,0.0501459405740276,TRUE,1057.0568563244153,1051.9379909612421,2.4248651377441117
CALIPER,ATT,20,0.07965144413981227,0.1233640920808071,0.08080808080808077,FALSE,790,782,1
FULL,ATE,20,0.11476743157126276,0.1863119623975497,0.10857997832524421,FALSE,1217.4034164316963,1154.0476510310466,12.353393085787452
GENETIC,ATT,20,0.21613809200334555,0.2793115108638214,0.1393034825870647,FALSE,804,804,1
IPTW,ATE,20,0.03693402821068717,0.053599826390060626,0.06105688787043348,TRUE,1013.4104133353197,1005.3631204570353,18.476909596506882
NEAREST,ATT,20,0.07645827571473167,0.12121596112417617,0.07960199004975127,FALSE,804,804,1
OVERLAP,Overlap,20,0.007183385247475897,0.011049995954420076,0.04559127570284033,TRUE,1107.2404145046035,1104.2012144856405,0.945878395151695
STABILIZED_IPTW,ATE,20,0.03693402821068697,0.05359982639006052,0.06105688787043348,TRUE,1440.5971794317043,1435.3237833186442,4.755260984504333
TRUNCATED_IPTW,Modified-weight ATE,20,0.07055814678254943,0.07689633010887963,0.06709484165713789,TRUE,1466.7175076166675,1461.7294350504135,2.063199125781051
UNADJUSTED,Descriptive,20,0.6203134252192648,0.6307485078463374,0.2554168811116829,FALSE,1562,1562,1
