imputation,method,treated_retained,control_retained,subclasses,caliper_violations,max_pair_distance
1,FULL,402,1160,361,NA,NA
1,NEAREST,402,402,402,NA,0.4177809990520326
1,CALIPER,396,396,396,0,0.12122004155375365
1,GENETIC,402,402,402,NA,1.2254177650542164
2,FULL,402,1160,361,NA,NA
2,NEAREST,402,402,402,NA,0.42233939911602447
2,CALIPER,397,397,397,0,0.11727977632688308
2,GENETIC,402,402,402,NA,1.0621558921191416
3,FULL,402,1160,366,NA,NA
3,NEAREST,402,402,402,NA,0.40247488552269883
3,CALIPER,395,395,395,0,0.11781242522748031
3,GENETIC,402,402,402,NA,1.2020379887628323
4,FULL,402,1160,355,NA,NA
4,NEAREST,402,402,402,NA,0.5040750075803563
4,CALIPER,395,395,395,0,0.11911380564134744
4,GENETIC,402,402,402,NA,1.182524076285501
5,FULL,402,1160,363,NA,NA
5,NEAREST,402,402,402,NA,0.5688685236296851
5,CALIPER,393,393,393,0,0.11915112981480991
5,GENETIC,402,402,402,NA,1.1938066571067725
6,FULL,402,1160,362,NA,NA
6,NEAREST,402,402,402,NA,0.4600081818853845
6,CALIPER,395,395,395,0,0.12288404762880017
6,GENETIC,402,402,402,NA,1.110675380368746
7,FULL,402,1160,364,NA,NA
7,NEAREST,402,402,402,NA,0.5098976346813234
7,CALIPER,394,394,394,0,0.11053350973330547
7,GENETIC,402,402,402,NA,1.1718001559448739
8,FULL,402,1160,361,NA,NA
8,NEAREST,402,402,402,NA,0.5118970430040333
8,CALIPER,394,394,394,0,0.12591069987989334
8,GENETIC,402,402,402,NA,0.9767850970770334
9,FULL,402,1160,371,NA,NA
9,NEAREST,402,402,402,NA,0.5066303267802446
9,CALIPER,395,395,395,0,0.11977974905843036
9,GENETIC,402,402,402,NA,0.842895327105037
10,FULL,402,1160,369,NA,NA
10,NEAREST,402,402,402,NA,0.44423324480410153
10,CALIPER,396,396,396,0,0.1259111940727075
10,GENETIC,402,402,402,NA,1.111658962512803
11,FULL,402,1160,369,NA,NA
11,NEAREST,402,402,402,NA,0.5032182196264146
11,CALIPER,395,395,395,0,0.12192711512757426
11,GENETIC,402,402,402,NA,1.2067647989813364
12,FULL,402,1160,362,NA,NA
12,NEAREST,402,402,402,NA,0.4229760422028822
12,CALIPER,396,396,396,0,0.11074984297212845
12,GENETIC,402,402,402,NA,1.144580723609748
13,FULL,402,1160,355,NA,NA
13,NEAREST,402,402,402,NA,0.5320973901293505
13,CALIPER,393,393,393,0,0.12220777320835918
13,GENETIC,402,402,402,NA,1.1476956518076853
14,FULL,402,1160,358,NA,NA
14,NEAREST,402,402,402,NA,0.44568884043513424
14,CALIPER,396,396,396,0,0.1257493755018172
14,GENETIC,402,402,402,NA,0.9085672008277441
15,FULL,402,1160,362,NA,NA
15,NEAREST,402,402,402,NA,0.45016991040138676
15,CALIPER,396,396,396,0,0.1233173161188525
15,GENETIC,402,402,402,NA,1.1418311850358638
16,FULL,402,1160,361,NA,NA
16,NEAREST,402,402,402,NA,0.4528785270563105
16,CALIPER,396,396,396,0,0.11898797224677338
16,GENETIC,402,402,402,NA,1.8849366687152318
17,FULL,402,1160,358,NA,NA
17,NEAREST,402,402,402,NA,0.5087162541159732
17,CALIPER,393,393,393,0,0.12526003812035524
17,GENETIC,402,402,402,NA,1.0077501833504026
18,FULL,402,1160,365,NA,NA
18,NEAREST,402,402,402,NA,0.5183086114510337
18,CALIPER,396,396,396,0,0.1214897446900636
18,GENETIC,402,402,402,NA,1.4608896553500337
19,FULL,402,1160,355,NA,NA
19,NEAREST,402,402,402,NA,0.4793435624067026
19,CALIPER,391,391,391,0,0.12821632862500956
19,GENETIC,402,402,402,NA,1.294693700328784
20,FULL,402,1160,357,NA,NA
20,NEAREST,402,402,402,NA,0.4746246826133146
20,CALIPER,395,395,395,0,0.10659222117751589
20,GENETIC,402,402,402,NA,1.2701291753875936
