imputation,missing_baseline,invalid_smoke,invalid_smokeyrs,weight_review,unchanged_outcome,unchanged_exposure
1,0,0,0,0,TRUE,TRUE
2,0,0,0,0,TRUE,TRUE
3,0,0,0,0,TRUE,TRUE
4,0,0,0,0,TRUE,TRUE
5,0,0,0,0,TRUE,TRUE
6,0,0,0,0,TRUE,TRUE
7,0,0,0,0,TRUE,TRUE
8,0,0,0,0,TRUE,TRUE
9,0,0,0,0,TRUE,TRUE
10,0,0,0,0,TRUE,TRUE
11,0,0,0,0,TRUE,TRUE
12,0,0,0,0,TRUE,TRUE
13,0,0,0,0,TRUE,TRUE
14,0,0,0,0,TRUE,TRUE
15,0,0,0,0,TRUE,TRUE
16,0,0,0,0,TRUE,TRUE
17,0,0,0,0,TRUE,TRUE
18,0,0,0,0,TRUE,TRUE
19,0,0,0,0,TRUE,TRUE
20,0,0,0,0,TRUE,TRUE
