term,m,mce,mce_over_se
(Intercept),20,0.061422592309040076,0.03996761448320176
qsmkQuit,20,0.003391752823503597,0.0076730937881426976
sexFemale,20,0.012162740837106306,0.026497340740028335
raceBlack_or_other,20,0.007033014920686923,0.011925943522218409
age,20,6.023742492046474e-4,0.018179743170715367
educationHigh_school_dropout,20,0.02526401989714089,0.040551938582003885
educationHigh_school,20,0.028251503530257176,0.04904907444143341
educationCollege_dropout,20,0.03905618686100261,0.0452979071525129
educationCollege_or_higher,20,0.039548231546853836,0.051452939345090105
smokeintensity,20,2.008076385541751e-4,0.011715070896822088
smokeyrs,20,7.860598272073933e-4,0.023364502257970824
exerciseModerate,20,0.02753464750110344,0.04945478119292144
exerciseNo,20,0.026018188310697042,0.04479989913620252
activeModerately_active,20,0.004702106350950014,0.011323767289485889
activeInactive,20,0.009260396902372799,0.013351132096393355
wt71,20,7.011424654442406e-4,0.050291632615405944
