.it,vrb,ac,psrf
1,qsmk,NA,NA
2,qsmk,NA,NA
3,qsmk,NA,NA
4,qsmk,NA,NA
5,qsmk,NA,NA
6,qsmk,NA,NA
7,qsmk,NA,NA
8,qsmk,NA,NA
9,qsmk,NA,NA
10,qsmk,NA,NA
11,qsmk,NA,NA
12,qsmk,NA,NA
13,qsmk,NA,NA
14,qsmk,NA,NA
15,qsmk,NA,NA
16,qsmk,NA,NA
17,qsmk,NA,NA
18,qsmk,NA,NA
19,qsmk,NA,NA
20,qsmk,NA,NA
1,outcome,NA,NA
2,outcome,NA,NA
3,outcome,NA,NA
4,outcome,NA,NA
5,outcome,NA,NA
6,outcome,NA,NA
7,outcome,NA,NA
8,outcome,NA,NA
9,outcome,NA,NA
10,outcome,NA,NA
11,outcome,NA,NA
12,outcome,NA,NA
13,outcome,NA,NA
14,outcome,NA,NA
15,outcome,NA,NA
16,outcome,NA,NA
17,outcome,NA,NA
18,outcome,NA,NA
19,outcome,NA,NA
20,outcome,NA,NA
1,source_system,NA,NA
2,source_system,NA,NA
3,source_system,NA,NA
4,source_system,NA,NA
5,source_system,NA,NA
6,source_system,NA,NA
7,source_system,NA,NA
8,source_system,NA,NA
9,source_system,NA,NA
10,source_system,NA,NA
11,source_system,NA,NA
12,source_system,NA,NA
13,source_system,NA,NA
14,source_system,NA,NA
15,source_system,NA,NA
16,source_system,NA,NA
17,source_system,NA,NA
18,source_system,NA,NA
19,source_system,NA,NA
20,source_system,NA,NA
1,sex,NA,NA
2,sex,NA,NA
3,sex,NA,NA
4,sex,NA,NA
5,sex,NA,NA
6,sex,NA,NA
7,sex,NA,NA
8,sex,NA,NA
9,sex,NA,NA
10,sex,NA,NA
11,sex,NA,NA
12,sex,NA,NA
13,sex,NA,NA
14,sex,NA,NA
15,sex,NA,NA
16,sex,NA,NA
17,sex,NA,NA
18,sex,NA,NA
19,sex,NA,NA
20,sex,NA,NA
1,race,NA,NA
2,race,NA,NA
3,race,NA,NA
4,race,NA,NA
5,race,NA,NA
6,race,NA,NA
7,race,NA,NA
8,race,NA,NA
9,race,NA,NA
10,race,NA,NA
11,race,NA,NA
12,race,NA,NA
13,race,NA,NA
14,race,NA,NA
15,race,NA,NA
16,race,NA,NA
17,race,NA,NA
18,race,NA,NA
19,race,NA,NA
20,race,NA,NA
1,age,NA,NA
2,age,NA,NA
3,age,NA,NA
4,age,NA,NA
5,age,NA,NA
6,age,NA,NA
7,age,NA,NA
8,age,NA,NA
9,age,NA,NA
10,age,NA,NA
11,age,NA,NA
12,age,NA,NA
13,age,NA,NA
14,age,NA,NA
15,age,NA,NA
16,age,NA,NA
17,age,NA,NA
18,age,NA,NA
19,age,NA,NA
20,age,NA,NA
1,age_centered_sq,NA,NA
2,age_centered_sq,NA,NA
3,age_centered_sq,NA,NA
4,age_centered_sq,NA,NA
5,age_centered_sq,NA,NA
6,age_centered_sq,NA,NA
7,age_centered_sq,NA,NA
8,age_centered_sq,NA,NA
9,age_centered_sq,NA,NA
10,age_centered_sq,NA,NA
11,age_centered_sq,NA,NA
12,age_centered_sq,NA,NA
13,age_centered_sq,NA,NA
14,age_centered_sq,NA,NA
15,age_centered_sq,NA,NA
16,age_centered_sq,NA,NA
17,age_centered_sq,NA,NA
18,age_centered_sq,NA,NA
19,age_centered_sq,NA,NA
20,age_centered_sq,NA,NA
1,education,NA,1.0125484040491148
2,education,0.16739933871925314,1.0881125635473283
3,education,0.22341465743799288,1.037453340555613
4,education,0.27320087088567385,1.1570481454168597
5,education,0.2627508438733841,1.148820671859195
6,education,0.10725717464844427,1.0270511721569613
7,education,0.13461796136405904,1.023112444787095
8,education,0.12089641396073084,1.0098973189472034
9,education,0.1533381136434776,1.0980559226514075
10,education,0.14386820553107035,1.1072472702219378
11,education,0.14059711649758805,1.0687854456663934
12,education,0.16939067302420177,1.0276154649419564
13,education,0.1349998110241897,1.0148737342563081
14,education,0.11797187997269533,1.0130432916955034
15,education,0.11543088412695264,1.0190843223442965
16,education,0.10383959630974036,1.0043976809043782
17,education,0.08459218911345874,1.0102433858585953
18,education,0.06701455544158422,1.014014380137688
19,education,0.06354376030877316,1.002149443217591
20,education,0.05434549401515764,1.0129119799867068
1,smokeintensity,NA,0.9854912515572178
2,smokeintensity,0.15099893871180808,1.037200505309947
3,smokeintensity,0.11809422613991102,0.9910551763389309
4,smokeintensity,0.14922723732934762,1.0788947692669548
5,smokeintensity,0.1363034389773951,1.0477190190532921
6,smokeintensity,0.08803638418959256,0.9884404876905826
7,smokeintensity,0.07659264375538877,0.9909122310221934
8,smokeintensity,0.07203600893699788,0.996336438481294
9,smokeintensity,0.06824553965053566,1.0156504886725353
10,smokeintensity,0.05806469061740316,1.0219768803215554
11,smokeintensity,0.04513695770069183,0.9995517542479986
12,smokeintensity,0.06650668208807782,0.9873788997902883
13,smokeintensity,0.06786849609511976,0.9955670840627733
14,smokeintensity,0.06799027820866396,0.9908181377568779
15,smokeintensity,0.08108461850799094,0.9912057340746423
16,smokeintensity,0.08927226859768736,1.000380481581799
17,smokeintensity,0.08145288842340978,0.9940435086701068
18,smokeintensity,0.07429295604815027,1.0013284356585679
19,smokeintensity,0.06259455888750308,1.0027095681168636
20,smokeintensity,0.04082685058122516,1.0047685552171342
1,smokeyrs,NA,0.9814921550709657
2,smokeyrs,0.03785319289964831,0.9955609588657287
3,smokeyrs,-0.09395438741748632,1.0413931998094603
4,smokeyrs,0.08918819774002829,1.1823722320607861
5,smokeyrs,0.0375661250494521,0.9720534219595308
6,smokeyrs,-0.00910376474942221,0.9964050399995402
7,smokeyrs,-0.09061964596457273,0.9925332727931866
8,smokeyrs,-0.10097260319322414,0.9935730358678154
9,smokeyrs,-0.0957538526389653,0.9970952074459862
10,smokeyrs,-0.07808231317244761,1.0128324145266585
11,smokeyrs,-0.03860970916272081,1.0137450994279502
12,smokeyrs,0.00610220839616476,0.9963214438539643
13,smokeyrs,0.03265056957146556,1.004080865786369
14,smokeyrs,0.02935485890967054,0.9923978358055503
15,smokeyrs,0.0409050243518751,1.0001180483509449
16,smokeyrs,0.025994595342816347,1.0077687261425137
17,smokeyrs,0.026975637771347875,1.0125576706646702
18,smokeyrs,0.02214398389483762,1.008856376536176
19,smokeyrs,0.02706804039028094,1.0140265620041227
20,smokeyrs,0.03361630713140003,1.0153443784349057
1,exercise,NA,1.0683958226037265
2,exercise,-0.20292815292749602,0.97723328854697
3,exercise,-0.24672021132540045,0.9903114334057067
4,exercise,-0.254256555867818,0.9737176726999005
5,exercise,-0.14530673680203657,1.0071936542049602
6,exercise,-0.13018673936146236,0.9794842128899095
7,exercise,-0.07330616194235584,0.9533398398047891
8,exercise,-0.020404888957484792,0.9855942981261409
9,exercise,-0.03598430320673461,0.9899837990486714
10,exercise,-0.02062596216711947,0.9923857442803032
11,exercise,-0.01785851186805213,1.0070698771275661
12,exercise,-0.034665615395424135,1.0027479330671492
13,exercise,-0.04347386685313052,0.9829233643526968
14,exercise,-0.05169744562119837,0.9901968853307384
15,exercise,-0.03012244374257153,0.9827507164875823
16,exercise,-0.04048035203488287,0.9867578880918647
17,exercise,-0.051006983712758545,0.9929777067029445
18,exercise,-0.052589547748473055,0.9941229908912204
19,exercise,-0.06341442247337999,1.000416939115452
20,exercise,-0.03217919295653648,1.0036450324550978
1,active,NA,NA
2,active,NA,NA
3,active,NA,NA
4,active,NA,NA
5,active,NA,NA
6,active,NA,NA
7,active,NA,NA
8,active,NA,NA
9,active,NA,NA
10,active,NA,NA
11,active,NA,NA
12,active,NA,NA
13,active,NA,NA
14,active,NA,NA
15,active,NA,NA
16,active,NA,NA
17,active,NA,NA
18,active,NA,NA
19,active,NA,NA
20,active,NA,NA
1,wt71,NA,1.0143781799202993
2,wt71,-0.25567582685641255,1.006211820252101
3,wt71,-0.17297492125778463,0.9794151834113216
4,wt71,0.02071405989801108,1.1851469501254468
5,wt71,0.11082916321843943,1.1325493272504354
6,wt71,0.15713407968265425,1.112062504082526
7,wt71,0.17189211646737879,1.0591037629044302
8,wt71,0.18063603831130037,1.1081869540187659
9,wt71,0.16735156294180994,1.0923059706033413
10,wt71,0.12019792103534124,1.081300187713493
11,wt71,0.1293459724874984,1.0554660388202126
12,wt71,0.10411530116521042,1.0398346709927153
13,wt71,0.07714118244662312,1.0230888809891685
14,wt71,0.08297589183883033,1.00369831792978
15,wt71,0.08371246012795461,1.0024369157666513
16,wt71,0.07633624886123183,1.0063299561592154
17,wt71,0.056709267919500095,1.0103546776026864
18,wt71,0.05521728553118459,1.0140911051387667
19,wt71,0.046488530730016124,1.0150002559417675
20,wt71,0.025701552633106483,1.0161185035802904
