method,estimand,m,estimate,se,conf_low,conf_high,df,between_variance,within_variance,fmi
AIPW,ATE,20,3.426519910934406,0.4766666238025773,2.4915392586698077,4.361500563199004,1547.5863597548673,0.001117294555446822,0.2260379109641286,0.006446476438261602
AIPW_PS1,ATE,20,3.4397052978176736,0.49053112441533697,2.477529440570486,4.401881155064862,1547.557404554514,0.0011855598820558774,0.2393759461440161,0.0064566285728641665
IPTW,ATE,20,3.504208932014106,0.5222779518637835,2.4797635114042222,4.52865435262399,1550.9958740478512,9.095053262753573e-4,0.2718192784104394,0.00478349125510747
IPTW_PS1,ATE,20,3.4149353181265587,0.5269282909883446,2.381368450363001,4.448502185890117,1551.3192686529485,8.905069426474269e-4,0.27671839155411776,0.004650027522869182
OR1,ATE,20,3.408800693303964,0.4728457570600709,2.481312123257015,4.3362892633509125,1542.1894049658342,2.300797443148924e-4,0.223341526238181,0.0023734509149252233
OR2,ATE,20,3.4821290435510686,0.4810339047103235,2.5385734571936305,4.425684629908506,1529.9336154217383,7.877819795661457e-4,0.2305664464023161,0.0048747599552868325
ATT_WEIGHTING,ATT,20,3.364483635025152,0.5206556391270366,2.3432210628882326,4.385746207162072,1552.3401678763719,7.574730830184372e-4,0.2702869478176136,0.004216087418998195
CC_AIPW,CC ATE,1,3.4889886335772964,0.509461428348834,2.4895516907656208,4.488425576388972,1328,0,0.2595509469752342,NA
CC_IPTW,CC ATE,1,3.524327480447809,0.556003569613513,2.4335856521460633,4.615069308749555,1327,0,0.3091399694229686,NA
CC_OR1,CC ATE,1,3.5248002823169413,0.5154937277499307,2.5135189254951227,4.53608163913876,1313,0,0.2657337833495197,NA
CC_OR2,CC ATE,1,3.5917992328110864,0.5226691720628308,2.56643621679477,4.617162248827403,1306,0,0.273183063424845,NA
CC_ATT_WEIGHTING,CC ATT,1,3.4033952226267927,0.5583245995459136,2.308100106234164,4.498690339019421,1327,0,0.3117263584581048,NA
CC_UNADJUSTED,CC Descriptive,1,2.710334378533829,0.534043017501882,1.66267373544355,3.7579950216241085,1327,0,0.2852019445425154,NA
CC_TRUNCATED_IPTW,CC Modified-weight ATE,1,3.5625548337170434,0.5376442026557253,2.507829553826884,4.617280113607203,1327,0,0.2890612886493107,NA
CC_OVERLAP,CC Overlap,1,3.577367719238477,0.5419139881670954,2.514266173601741,4.640469264875213,1327,0,0.2936707705711668,NA
COMMON_SUPPORT_AIPW,COMMON_SUPPORT restricted ATE,20,3.4502567185039874,0.4758762041776733,2.5168208529753233,4.3836925840326515,1535.7729510293848,0.0011080063399616321,0.2252947550455909,0.006430461833176297
COMMON_SUPPORT_IPTW,COMMON_SUPPORT restricted ATE,20,3.523822440998317,0.5209435680042642,2.5019864721371694,4.545658409859465,1535.7254520698975,0.0012398810982746293,0.27008032589182507,0.006090743427572337
UNADJUSTED,Descriptive,20,2.533718017476918,0.48779405766793826,1.57691593272697,3.490520102226866,1558.003838771593,0,0.23794304269615188,0.0012812268300210381
TRUNCATED_IPTW,Modified-weight ATE,20,3.4844233177844304,0.5027013404780907,2.498378289164081,4.47046834640478,1552.9581398260939,6.40494660553025e-4,0.25203611832488865,0.003943205097980554
OVERLAP,Overlap,20,3.491079256882105,0.5025814905615423,2.505270640983914,4.4768878727802965,1555.6448842561183,3.2772377737765696e-4,0.25224404468881506,0.002643753937449335
PS_TRIM_AIPW,PS_TRIM restricted ATE,20,3.4270487293541496,0.4766631032103507,2.4920745648677185,4.362022893840581,1546.7031878599837,0.0011091180876509415,0.226043139970088,0.006409546564900902
PS_TRIM_IPTW,PS_TRIM restricted ATE,20,3.504726869127895,0.5222638114026131,2.480308703233087,4.529145035022704,1550.0625392374893,9.029335100244632e-4,0.2718114085152586,0.004759185404999611
