imputation,converged,ps_min,ps_max,support_lower,support_upper,outside_support,ps_below_01,ps_below_05,ps_above_95,ps_above_99,empty_decile_cells,sparse_clinical_cells
1,TRUE,0.05289060679969358,0.7708511114462464,0.06660179379343908,0.6889772699895124,12,0,0,0,0,0,0
2,TRUE,0.055439292885922836,0.780867404811036,0.05734231629682048,0.7002290800778308,5,0,0,0,0,0,0
3,TRUE,0.05413430270884943,0.7735984205972256,0.058960613377848296,0.6955651755968637,5,0,0,0,0,0,0
4,TRUE,0.05728938558570762,0.7823169004919655,0.05733149861130196,0.6846327134903966,3,0,0,0,0,0,0
5,TRUE,0.04382762743763598,0.80370881232072,0.06087656989257709,0.6986272143219276,5,0,1,0,0,0,0
6,TRUE,0.052572059792962034,0.782581730481891,0.05412160484830499,0.6943991658799726,2,0,0,0,0,0,0
7,TRUE,0.052603754601955086,0.7879564061073353,0.05658608482980707,0.6905631189609979,4,0,0,0,0,0,0
8,TRUE,0.053847180159727455,0.7931192169487016,0.06321485172122987,0.6967636671589129,7,0,0,0,0,0,0
9,TRUE,0.053833139291062655,0.7946829031173098,0.062200080987424654,0.6998864587444528,7,0,0,0,0,0,0
10,TRUE,0.0455634058660425,0.7808518925034342,0.06148804930285261,0.6955941349865443,5,0,1,0,0,0,0
11,TRUE,0.05582950295293609,0.7817073408046872,0.05590260685581288,0.6840453596310061,4,0,0,0,0,0,0
12,TRUE,0.05271686052624774,0.7758689088323532,0.0587063346601819,0.6939765468956391,6,0,0,0,0,0,0
13,TRUE,0.05277447052092506,0.7940675950237669,0.05487088896518706,0.6937103348288991,2,0,0,0,0,0,0
14,TRUE,0.051466707084665934,0.7910828183918567,0.05982440807398532,0.7080177000316341,4,0,0,0,0,0,0
15,TRUE,0.052956074975195534,0.7759249397019493,0.057812949198245325,0.6983594487804751,3,0,0,0,0,0,0
16,TRUE,0.055704408392154965,0.7792390955104226,0.05827416697119494,0.691759741538357,3,0,0,0,0,0,0
17,TRUE,0.05724304471996224,0.7935649608394068,0.06328410582741312,0.6980087017458853,8,0,0,0,0,0,0
18,TRUE,0.05431956427159449,0.7831757361147065,0.05726335707748818,0.6826465987296803,4,0,0,0,0,0,0
19,TRUE,0.05130440163311532,0.7862832894996059,0.06431463862026425,0.6949411016756283,10,0,0,0,0,0,0
20,TRUE,0.054906722082999536,0.7856941631590604,0.06402798726680774,0.6951989489215273,10,0,0,0,0,0,0
