imputation,scenario,n,quit_fraction,age_mean,smoke_mean,wt71_mean
1,PS_TRIM,1562,0.2573623559539053,43.662612035851474,20.5,71.00554417413572
1,COMMON_SUPPORT,1550,0.2574193548387097,43.7058064516129,20.501290322580644,71.04154838709677
1,ATT,1562,0.4995818946590906,46.09507121847274,18.44243540898379,72.7117891393616
1,OVERLAP,1562,0.49999999999982425,45.144527570933,19.410749261725325,71.98442813899443
2,PS_TRIM,1562,0.2573623559539053,43.662612035851474,20.562740076824586,70.87546734955185
2,COMMON_SUPPORT,1557,0.25690430314707774,43.65895953757225,20.56518946692357,70.87059730250482
2,ATT,1562,0.49956043110899473,46.10888938662766,18.5022294456035,72.2478268454329
2,OVERLAP,1562,0.4999999999997827,45.16601174281626,19.50308969527469,71.69389361438247
3,PS_TRIM,1562,0.2573623559539053,43.662612035851474,20.511523687580027,71.021152368758
3,COMMON_SUPPORT,1557,0.25626204238921,43.65189466923571,20.536287732819524,71.02243416827231
3,ATT,1562,0.49990771199930895,46.08692071446817,18.483364959708272,72.6370426534863
3,OVERLAP,1562,0.49999999999979433,45.137035290314174,19.459584574327224,71.9763739971796
4,PS_TRIM,1562,0.2573623559539053,43.662612035851474,20.52112676056338,70.886152368758
4,COMMON_SUPPORT,1559,0.25657472738935216,43.65041693393201,20.535599743425273,70.87221295702373
4,ATT,1562,0.499615929255881,46.09844493375274,18.48930639938942,72.50829632127993
4,OVERLAP,1562,0.49999999999984546,45.14631324476376,19.464386282208128,71.83923882492508
5,PS_TRIM,1561,0.2575272261370916,43.6739269698911,20.52146060217809,70.87030749519539
5,COMMON_SUPPORT,1557,0.2575465639049454,43.678869621066156,20.53179190751445,70.89324341682723
5,ATT,1562,0.49995425471734833,46.08538530659287,18.474518426899948,72.50098709863461
5,OVERLAP,1562,0.4999999999998287,45.131482769275905,19.454117381919176,71.8018828311199
6,PS_TRIM,1562,0.2573623559539053,43.662612035851474,20.50832266325224,70.92206786171575
6,COMMON_SUPPORT,1560,0.257051282051282,43.656410256410254,20.512820512820515,70.92038461538462
6,ATT,1562,0.49963016591534126,46.096897258805186,18.424253835826956,72.49265353842515
6,OVERLAP,1562,0.49999999999980055,45.151164715990475,19.423619748688232,71.84317608476114
7,PS_TRIM,1562,0.2573623559539053,43.662612035851474,20.52560819462228,70.94157490396927
7,COMMON_SUPPORT,1558,0.25673940949935814,43.65211810012837,20.540436456996147,70.95892811296534
7,ATT,1562,0.49950017931187823,46.085854923400866,18.441303695406003,72.5399943349045
7,OVERLAP,1562,0.49999999999983863,45.134026674907794,19.44018015848063,71.89721568960651
8,PS_TRIM,1562,0.2573623559539053,43.662612035851474,20.52560819462228,70.89976312419974
8,COMMON_SUPPORT,1555,0.2572347266881029,43.67974276527331,20.540192926045016,70.91906109324759
8,ATT,1562,0.49986731299900145,46.091515295428785,18.509375141911306,72.4845277784465
8,OVERLAP,1562,0.4999999999998138,45.13744713896359,19.498824739767986,71.83702342783664
9,PS_TRIM,1562,0.2573623559539053,43.662612035851474,20.51472471190781,70.94266325224072
9,COMMON_SUPPORT,1555,0.2572347266881029,43.68038585209003,20.52282958199357,70.94341479099678
9,ATT,1562,0.49989765499316224,46.10602926780217,18.487284312564466,72.53191096177159
9,OVERLAP,1562,0.49999999999975037,45.16136292219411,19.47452934912646,71.85899241458392
10,PS_TRIM,1561,0.2575272261370916,43.6739269698911,20.51185137732223,70.89730941704036
10,COMMON_SUPPORT,1557,0.2575465639049454,43.676300578034684,20.50417469492614,70.9047270391779
10,ATT,1562,0.49929466303051,46.0851217876219,18.41449651875429,72.49097986986526
10,OVERLAP,1562,0.4999999999997951,45.1306254076802,19.420068110912663,71.82498489468323
11,PS_TRIM,1562,0.2573623559539053,43.662612035851474,20.49743918053777,70.92455825864276
11,COMMON_SUPPORT,1558,0.2554557124518614,43.63992297817715,20.525032092426187,70.9206161745828
11,ATT,1562,0.49964077993146355,46.09128218141178,18.470739195436035,72.62544892950348
11,OVERLAP,1562,0.4999999999998779,45.145991701844224,19.429816085116194,71.92874617606309
12,PS_TRIM,1562,0.2573623559539053,43.662612035851474,20.52752880921895,70.89768245838668
12,COMMON_SUPPORT,1556,0.256426735218509,43.662596401028274,20.539203084832906,70.91228149100257
12,ATT,1562,0.4994872656900661,46.10480104034722,18.444619607894168,72.18907145705181
12,OVERLAP,1562,0.499999999999783,45.158707648847404,19.446138457140382,71.68429845533717
13,PS_TRIM,1562,0.2573623559539053,43.662612035851474,20.54033290653009,70.90669014084507
13,COMMON_SUPPORT,1560,0.257051282051282,43.656410256410254,20.544871794871796,70.90498717948718
13,ATT,1562,0.49995322040997126,46.09778332596754,18.560036598540915,72.61766534520999
13,OVERLAP,1562,0.49999999999984623,45.15025529741461,19.510197014666566,71.8903244929954
14,PS_TRIM,1562,0.2573623559539053,43.662612035851474,20.50640204865557,70.90943021766965
14,COMMON_SUPPORT,1558,0.25673940949935814,43.65147625160462,20.521181001283697,70.91163671373556
14,ATT,1562,0.49960935476632085,46.102077527679576,18.434390424735536,72.59621347157963
14,OVERLAP,1562,0.49999999999975664,45.15779737870457,19.444361666323292,71.93315723405577
15,PS_TRIM,1562,0.2573623559539053,43.662612035851474,20.517925736235597,70.94333546734956
15,COMMON_SUPPORT,1559,0.25657472738935216,43.63630532392559,20.540089801154586,70.93510583707504
15,ATT,1562,0.49989395531646696,46.07738749939911,18.530633272428755,72.59695446838214
15,OVERLAP,1562,0.49999999999978095,45.14173146705341,19.4893667529574,71.89695366671552
16,PS_TRIM,1562,0.2573623559539053,43.662612035851474,20.492957746478872,70.87358514724711
16,COMMON_SUPPORT,1559,0.2572161642078255,43.66388710711995,20.484926234765876,70.86485567671585
16,ATT,1562,0.49942760936209313,46.093941406975375,18.422442890484344,72.55712621679417
16,OVERLAP,1562,0.49999999999983497,45.13580881815359,19.415479709370903,71.84609859060839
17,PS_TRIM,1562,0.2573623559539053,43.662612035851474,20.52112676056338,70.98188860435339
17,COMMON_SUPPORT,1554,0.2574002574002574,43.69240669240669,20.51029601029601,70.99040540540541
17,ATT,1562,0.4999994112377418,46.08426139565905,18.517298771170747,72.57870041079408
17,OVERLAP,1562,0.4999999999998226,45.12568488211359,19.489330590670384,71.90905738324145
18,PS_TRIM,1562,0.2573623559539053,43.662612035851474,20.516005121638923,71.03525608194623
18,COMMON_SUPPORT,1558,0.25673940949935814,43.65211810012837,20.530808729139924,71.05284980744544
18,ATT,1562,0.49935266632651537,46.0870344690266,18.495847134646297,72.70239206622863
18,OVERLAP,1562,0.4999999999998929,45.13717253682188,19.46667839293792,72.04046887897006
19,PS_TRIM,1562,0.2573623559539053,43.662612035851474,20.517925736235597,70.92306017925736
19,COMMON_SUPPORT,1552,0.25773195876288657,43.71520618556701,20.491623711340207,70.92820231958763
19,ATT,1562,0.5002670806936473,46.085896850526666,18.470465792235906,72.63343707980776
19,OVERLAP,1562,0.4999999999997853,45.13482839973277,19.458870909933484,71.87199460331084
20,PS_TRIM,1562,0.2573623559539053,43.662612035851474,20.53841229193342,71.03811139564661
20,COMMON_SUPPORT,1552,0.25773195876288657,43.70876288659794,20.516752577319586,71.03567010309278
20,ATT,1562,0.49980462256153807,46.098186535012665,18.53054796269512,72.6003355056376
20,OVERLAP,1562,0.49999999999980765,45.15288909632669,19.506834849896283,71.95815155427411
