variable,level,Continued,Quit,SMD
n,,  986,  343,
sex....,Male,  454 (46.0) ,  175 (51.0) , 0.100
X,Female,  532 (54.0) ,  168 (49.0) ,
race....,White,  837 (84.9) ,  312 (91.0) , 0.187
X.1,Black_or_other,  149 (15.1) ,   31 ( 9.0) ,
age..mean..SD..,,42.39 (11.67),45.57 (12.23), 0.266
education....,8th_grade_or_less,  169 (17.1) ,   70 (20.4) , 0.199
X.2,High_school_dropout,  223 (22.6) ,   61 (17.8) ,
X.3,High_school,  413 (41.9) ,  135 (39.4) ,
X.4,College_dropout,   78 ( 7.9) ,   24 ( 7.0) ,
X.5,College_or_higher,  103 (10.4) ,   53 (15.5) ,
smokeintensity..median..IQR..,,"20.00 [15.00, 30.00]","20.00 [10.00, 22.00]", 0.231
smokeyrs..median..IQR..,,"23.00 [14.00, 31.00]","25.00 [15.00, 35.00]", 0.165
exercise....,Much,  199 (20.2) ,   48 (14.0) , 0.166
X.6,Moderate,  417 (42.3) ,  154 (44.9) ,
X.7,No,  370 (37.5) ,  141 (41.1) ,
active....,Very_active,  452 (45.8) ,  140 (40.8) , 0.110
X.8,Moderately_active,  448 (45.4) ,  166 (48.4) ,
X.9,Inactive,   86 ( 8.7) ,   37 (10.8) ,
wt71..mean..SD..,,70.30 (15.40),71.70 (15.38), 0.091
