group,n,retained,ess,max_weight,p99_weight,imputation,design,estimand
Overall,1562,1562,1562,1,1,1,UNADJUSTED,Descriptive
Quit,402,402,402,1,1,1,UNADJUSTED,Descriptive
Continued,1160,1160,1160,1,1,1,UNADJUSTED,Descriptive
Overall,1562,1562,1018.2332070785038,15.014610613963818,7.3854902716716015,1,IPTW,ATE
Quit,402,402,327.6454834736046,15.014610613963818,10.770480647541145,1,IPTW,ATE
Continued,1160,1160,1121.9770968259397,3.2151990948258997,2.283035113418016,1,IPTW,ATE
Overall,1562,1562,1442.1962865493092,3.86419556134024,2.0303237403585292,1,STABILIZED_IPTW,ATE
Quit,402,402,327.64548347360454,3.86419556134024,2.771916274207132,1,STABILIZED_IPTW,ATE
Continued,1160,1160,1121.9770968259395,2.387727880920642,1.6954678179032638,1,STABILIZED_IPTW,ATE
Overall,1562,1562,1056.0685527167554,2.2151990948258997,1.1628726029222092,1,ATT,ATT
Quit,402,402,402,1,1,1,ATT,ATT
Continued,1160,1160,768.0192244909446,2.2151990948258997,1.2830351134180158,1,ATT,ATT
Overall,1562,1562,1106.1806950608855,0.9333982062065609,0.8645715026864825,1,OVERLAP,Overlap
Quit,402,402,387.84252039508044,0.9333982062065609,0.907132698602149,1,OVERLAP,Overlap
Continued,1160,1160,963.6885374526269,0.6889772699895124,0.561962575980862,1,OVERLAP,Overlap
Overall,1562,1562,1465.0756552564937,2.0303237403585292,2.0245319408946365,1,TRUNCATED_IPTW,Modified-weight ATE
Quit,402,402,344.1685534731634,2.0303237403585292,2.0303237403585292,1,TRUNCATED_IPTW,Modified-weight ATE
Continued,1160,1160,1123.6602699478935,2.0303237403585292,1.6954678179032638,1,TRUNCATED_IPTW,Modified-weight ATE
Overall,1562,1562,1237.8684443978439,6.176696542893726,3.088348271446863,1,FULL,ATE
Quit,402,402,238.84641552470435,6.176696542893726,4.117797695262484,1,FULL,ATE
Continued,1160,1160,1039.5533026692826,5.198463508322663,2.2279129321382842,1,FULL,ATE
Overall,1562,804,804,1,1,1,NEAREST,ATT
Quit,402,402,402,1,1,1,NEAREST,ATT
Continued,1160,402,402,1,1,1,NEAREST,ATT
Overall,1562,792,792,1,1,1,CALIPER,ATT
Quit,402,396,396,1,1,1,CALIPER,ATT
Continued,1160,396,396,1,1,1,CALIPER,ATT
Overall,1562,804,804,1,1,1,GENETIC,ATT
Quit,402,402,402,1,1,1,GENETIC,ATT
Continued,1160,402,402,1,1,1,GENETIC,ATT
Overall,1562,1562,1562,1,1,2,UNADJUSTED,Descriptive
Quit,402,402,402,1,1,2,UNADJUSTED,Descriptive
Continued,1160,1160,1160,1,1,2,UNADJUSTED,Descriptive
Overall,1562,1562,1010.274220562738,17.439128109574604,7.523175697264369,2,IPTW,ATE
Quit,402,402,324.57750176523064,17.439128109574604,10.358299650866117,2,IPTW,ATE
Continued,1160,1160,1121.6540671426928,3.335880612634589,2.2030932827117553,2,IPTW,ATE
Overall,1562,1562,1437.886666676147,4.488175096062094,2.033390897451903,2,STABILIZED_IPTW,ATE
Quit,402,402,324.5775017652306,4.488175096062094,2.6658364018234186,2,STABILIZED_IPTW,ATE
Continued,1160,1160,1121.6540671426924,2.4773505189859937,1.6361000050868344,2,STABILIZED_IPTW,ATE
Overall,1562,1562,1055.0339306037472,2.335880612634589,1.1429040723044777,2,ATT,ATT
Quit,402,402,402,1,1,2,ATT,ATT
Continued,1160,1160,765.7789350067101,2.335880612634589,1.2030932827117549,2,ATT,ATT
Overall,1562,1562,1106.0872071341446,0.9426576837031795,0.8670549745233778,2,OVERLAP,Overlap
Quit,402,402,387.9503112481129,0.9426576837031795,0.9034420006949543,2,OVERLAP,Overlap
Continued,1160,1160,962.7403218812424,0.7002290800778308,0.5460389674682853,2,OVERLAP,Overlap
Overall,1562,1562,1464.9606233619345,2.033390897451903,2.0288411963562685,2,TRUNCATED_IPTW,Modified-weight ATE
Quit,402,402,343.63553061359784,2.033390897451903,2.033390897451903,2,TRUNCATED_IPTW,Modified-weight ATE
Continued,1160,1160,1124.2170335906444,2.033390897451903,1.6361000050868344,2,TRUNCATED_IPTW,Modified-weight ATE
Overall,1562,1562,1200.1633092482007,8.492957746478874,3.345710627400768,2,FULL,ATE
Quit,402,402,221.03072734931882,8.492957746478874,5.394314980793863,2,FULL,ATE
Continued,1160,1160,1033.6548469372424,4.4558258642765685,2.532394366197244,2,FULL,ATE
Overall,1562,804,804,1,1,2,NEAREST,ATT
Quit,402,402,402,1,1,2,NEAREST,ATT
Continued,1160,402,402,1,1,2,NEAREST,ATT
Overall,1562,794,794,1,1,2,CALIPER,ATT
Quit,402,397,397,1,1,2,CALIPER,ATT
Continued,1160,397,397,1,1,2,CALIPER,ATT
Overall,1562,804,804,1,1,2,GENETIC,ATT
Quit,402,402,402,1,1,2,GENETIC,ATT
Continued,1160,402,402,1,1,2,GENETIC,ATT
Overall,1562,1562,1562,1,1,3,UNADJUSTED,Descriptive
Quit,402,402,402,1,1,3,UNADJUSTED,Descriptive
Continued,1160,1160,1160,1,1,3,UNADJUSTED,Descriptive
Overall,1562,1562,1011.2002145414918,16.96047484430858,7.565440539138203,3,IPTW,ATE
Quit,402,402,325.14082606477876,16.96047484430858,10.951228280394849,3,IPTW,ATE
Continued,1160,1160,1122.226982513936,3.284775327397459,2.205575401967769,3,IPTW,ATE
Overall,1562,1562,1439.0352665441883,4.364987764028201,2.007885681011861,3,STABILIZED_IPTW,ATE
Quit,402,402,325.14082606477876,4.364987764028201,2.8184339108314527,3,STABILIZED_IPTW,ATE
Continued,1160,1160,1122.2269825139363,2.4393978103591882,1.637943320283362,3,STABILIZED_IPTW,ATE
Overall,1562,1562,1056.2360549404673,2.284775327397459,1.1520328311737407,3,ATT,ATT
Quit,402,402,402,1,1,3,ATT,ATT
Continued,1160,1160,769.2850019132836,2.284775327397459,1.205575401967769,3,ATT,ATT
Overall,1562,1562,1105.7898959097463,0.9410393866221517,0.8678199797133366,3,OVERLAP,Overlap
Quit,402,402,387.61857649939117,0.9410393866221517,0.9086764804803058,3,OVERLAP,Overlap
Continued,1160,1160,963.8851635810098,0.6955651755968637,0.5465799351462834,3,OVERLAP,Overlap
Overall,1562,1562,1465.8034057466118,2.007885681011861,2.0021311270377375,3,TRUNCATED_IPTW,Modified-weight ATE
Quit,402,402,343.9883129575761,2.007885681011861,2.007885681011861,3,TRUNCATED_IPTW,Modified-weight ATE
Continued,1160,1160,1124.6598384139124,2.007885681011861,1.637943320283362,3,TRUNCATED_IPTW,Modified-weight ATE
Overall,1562,1562,1242.3830732171477,6.176696542893726,3.088348271446863,3,FULL,ATE
Quit,402,402,236.72675231850192,6.176696542893726,4.372586427656853,3,FULL,ATE
Continued,1160,1160,1050.2805701996076,3.7131882202304736,2.2279129321382842,3,FULL,ATE
Overall,1562,804,804,1,1,3,NEAREST,ATT
Quit,402,402,402,1,1,3,NEAREST,ATT
Continued,1160,402,402,1,1,3,NEAREST,ATT
Overall,1562,790,790,1,1,3,CALIPER,ATT
Quit,402,395,395,1,1,3,CALIPER,ATT
Continued,1160,395,395,1,1,3,CALIPER,ATT
Overall,1562,804,804,1,1,3,GENETIC,ATT
Quit,402,402,402,1,1,3,GENETIC,ATT
Continued,1160,402,402,1,1,3,GENETIC,ATT
Overall,1562,1562,1562,1,1,4,UNADJUSTED,Descriptive
Quit,402,402,402,1,1,4,UNADJUSTED,Descriptive
Continued,1160,1160,1160,1,1,4,UNADJUSTED,Descriptive
Overall,1562,1562,1011.2089154222031,17.442418639356244,7.447854100098393,4,IPTW,ATE
Quit,402,402,325.1735637251328,17.442418639356244,11.135497262972114,4,IPTW,ATE
Continued,1160,1160,1122.584048168802,3.1709059334204226,2.251246106479795,4,IPTW,ATE
Overall,1562,1562,1439.3764296998463,4.489021954559034,2.0337367609875505,4,STABILIZED_IPTW,ATE
Quit,402,402,325.17356372513285,4.489021954559034,2.865857810316767,4,STABILIZED_IPTW,ATE
Continued,1160,1160,1122.5840481688022,2.3548341118871257,1.6718601046840984,4,STABILIZED_IPTW,ATE
Overall,1562,1562,1058.0295024767968,2.1709059334204226,1.1492190927113577,4,ATT,ATT
Quit,402,402,402,1,1,4,ATT,ATT
Continued,1160,1160,772.2718636440603,2.1709059334204226,1.251246106479795,4,ATT,ATT
Overall,1562,1562,1107.7319438750728,0.9426685013886981,0.8657259941889901,4,OVERLAP,Overlap
Quit,402,402,388.08851245314594,0.9426685013886981,0.9101722732488623,4,OVERLAP,Overlap
Continued,1160,1160,966.8840945018871,0.6846327134903966,0.5557961717817581,4,OVERLAP,Overlap
Overall,1562,1562,1466.3350629624872,2.0337367609875505,2.0303579986114673,4,TRUNCATED_IPTW,Modified-weight ATE
Quit,402,402,344.76020752906715,2.0337367609875505,2.0337367609875505,4,TRUNCATED_IPTW,Modified-weight ATE
Continued,1160,1160,1124.2805749062488,2.0337367609875505,1.6718601046840984,4,TRUNCATED_IPTW,Modified-weight ATE
Overall,1562,1562,1218.863051612901,7.206145966709347,3.0164916773367327,4,FULL,ATE
Quit,402,402,234.30037500060016,7.206145966709347,4.115224071702947,4,FULL,ATE
Continued,1160,1160,1025.603822727732,5.198463508322663,2.2279129321382842,4,FULL,ATE
Overall,1562,804,804,1,1,4,NEAREST,ATT
Quit,402,402,402,1,1,4,NEAREST,ATT
Continued,1160,402,402,1,1,4,NEAREST,ATT
Overall,1562,790,790,1,1,4,CALIPER,ATT
Quit,402,395,395,1,1,4,CALIPER,ATT
Continued,1160,395,395,1,1,4,CALIPER,ATT
Overall,1562,804,804,1,1,4,GENETIC,ATT
Quit,402,402,402,1,1,4,GENETIC,ATT
Continued,1160,402,402,1,1,4,GENETIC,ATT
Overall,1562,1562,1562,1,1,5,UNADJUSTED,Descriptive
Quit,402,402,402,1,1,5,UNADJUSTED,Descriptive
Continued,1160,1160,1160,1,1,5,UNADJUSTED,Descriptive
Overall,1562,1562,1017.6124590402804,16.426681098567183,7.393941310648772,5,IPTW,ATE
Quit,402,402,327.6426573533342,16.426681098567183,10.328404950096852,5,IPTW,ATE
Continued,1160,1160,1123.0519154180452,3.3181496389929652,2.174217814225911,5,IPTW,ATE
Overall,1562,1562,1443.032793127903,4.227609348030735,2.003746524251233,5,STABILIZED_IPTW,ATE
Quit,402,402,327.6426573533342,4.227609348030735,2.6581426312029035,5,STABILIZED_IPTW,ATE
Continued,1160,1160,1123.0519154180447,2.464182830494135,1.61465599519978,5,STABILIZED_IPTW,ATE
Overall,1562,1562,1058.903307168335,2.3181496389929652,1.1472797130364576,5,ATT,ATT
Quit,402,402,402,1,1,5,ATT,ATT
Continued,1160,1160,775.1036441508705,2.3181496389929652,1.1742178142259112,5,ATT,ATT
Overall,1562,1562,1107.3049313627928,0.9391234301074229,0.864740301331079,5,OVERLAP,Overlap
Quit,402,402,387.838467458524,0.9391234301074229,0.9031664263223483,5,OVERLAP,Overlap
Continued,1160,1160,967.1353996859636,0.6986272143219276,0.5400550910639643,5,OVERLAP,Overlap
Overall,1562,1562,1467.4664735304607,2.003746524251233,2.0014343286379814,5,TRUNCATED_IPTW,Modified-weight ATE
Quit,402,402,344.9618329790973,2.003746524251233,2.003746524251233,5,TRUNCATED_IPTW,Modified-weight ATE
Continued,1160,1160,1125.3147187405,2.003746524251233,1.61465599519978,5,TRUNCATED_IPTW,Modified-weight ATE
Overall,1562,1562,1226.7409970689434,6.9487836107554415,2.970550576184379,5,FULL,ATE
Quit,402,402,232.36461990717518,6.9487836107554415,4.370012804097316,5,FULL,ATE
Continued,1160,1160,1040.3532633507846,4.4558258642765685,2.2279129321382842,5,FULL,ATE
Overall,1562,804,804,1,1,5,NEAREST,ATT
Quit,402,402,402,1,1,5,NEAREST,ATT
Continued,1160,402,402,1,1,5,NEAREST,ATT
Overall,1562,786,786,1,1,5,CALIPER,ATT
Quit,402,393,393,1,1,5,CALIPER,ATT
Continued,1160,393,393,1,1,5,CALIPER,ATT
Overall,1562,804,804,1,1,5,GENETIC,ATT
Quit,402,402,402,1,1,5,GENETIC,ATT
Continued,1160,402,402,1,1,5,GENETIC,ATT
Overall,1562,1562,1562,1,1,6,UNADJUSTED,Descriptive
Quit,402,402,402,1,1,6,UNADJUSTED,Descriptive
Continued,1160,1160,1160,1,1,6,UNADJUSTED,Descriptive
Overall,1562,1562,1010.986991191052,18.476909596506882,7.495695251530766,6,IPTW,ATE
Quit,402,402,324.88936708428037,18.476909596506882,10.043750248419464,6,IPTW,ATE
Continued,1160,1160,1121.6183386334142,3.2722423774774168,2.2223145716709323,6,IPTW,ATE
Overall,1562,1562,1438.2502226009467,4.755260984504333,2.0119237084949773,6,STABILIZED_IPTW,ATE
Quit,402,402,324.8893670842804,4.755260984504333,2.5848832265458546,6,STABILIZED_IPTW,ATE
Continued,1160,1160,1121.6183386334144,2.4300903699576204,1.650374457835007,6,STABILIZED_IPTW,ATE
Overall,1562,1562,1054.7720499798368,2.2722423774774168,1.1589043777290486,6,ATT,ATT
Quit,402,402,402,1,1,6,ATT,ATT
Continued,1160,1160,765.4204205075177,2.2722423774774168,1.2223145716709323,6,ATT,ATT
Overall,1562,1562,1106.0480182291897,0.945878395151695,0.8665855963245794,6,OVERLAP,Overlap
Quit,402,402,387.7540712679766,0.945878395151695,0.9004191785793784,6,OVERLAP,Overlap
Continued,1160,1160,963.8319270019584,0.6943991658799726,0.5499980586460022,6,OVERLAP,Overlap
Overall,1562,1562,1466.0109992865096,2.0119237084949773,1.997328744462851,6,TRUNCATED_IPTW,Modified-weight ATE
Quit,402,402,344.55602715595677,2.0119237084949773,2.0119237084949773,6,TRUNCATED_IPTW,Modified-weight ATE
Continued,1160,1160,1124.1797223564663,2.0119237084949773,1.650374457835007,6,TRUNCATED_IPTW,Modified-weight ATE
Overall,1562,1562,1191.0852425434657,9.007682458386684,3.088348271446863,6,FULL,ATE
Quit,402,402,216.16918978623866,9.007682458386684,4.3751600512163895,6,FULL,ATE
Continued,1160,1160,1034.4086287825178,4.4558258642765685,2.2279129321382842,6,FULL,ATE
Overall,1562,804,804,1,1,6,NEAREST,ATT
Quit,402,402,402,1,1,6,NEAREST,ATT
Continued,1160,402,402,1,1,6,NEAREST,ATT
Overall,1562,790,790,1,1,6,CALIPER,ATT
Quit,402,395,395,1,1,6,CALIPER,ATT
Continued,1160,395,395,1,1,6,CALIPER,ATT
Overall,1562,804,804,1,1,6,GENETIC,ATT
Quit,402,402,402,1,1,6,GENETIC,ATT
Continued,1160,402,402,1,1,6,GENETIC,ATT
Overall,1562,1562,1562,1,1,7,UNADJUSTED,Descriptive
Quit,402,402,402,1,1,7,UNADJUSTED,Descriptive
Continued,1160,1160,1160,1,1,7,UNADJUSTED,Descriptive
Overall,1562,1562,1017.0234444996271,17.672189249489193,7.4141988249694,7,IPTW,ATE
Quit,402,402,327.0694801221733,17.672189249489193,10.425153809200083,7,IPTW,ATE
Continued,1160,1160,1122.6730156428077,3.2316768338741033,2.234961182986945,7,IPTW,ATE
Overall,1562,1562,1442.1042471100916,4.548156260111815,1.9567729600488017,7,STABILIZED_IPTW,ATE
Quit,402,402,327.06948012217333,4.548156260111815,2.6830421455175637,7,STABILIZED_IPTW,ATE
Continued,1160,1160,1122.6730156428077,2.3999648702266065,1.6597663074678972,7,STABILIZED_IPTW,ATE
Overall,1562,1562,1058.5652533737602,2.2316768338741033,1.19071641809117,7,ATT,ATT
Quit,402,402,402,1,1,7,ATT,ATT
Continued,1160,1160,773.0838398990321,2.2316768338741033,1.2349611829869445,7,ATT,ATT
Overall,1562,1562,1108.2409804514596,0.9434139151701929,0.865123067751135,7,OVERLAP,Overlap
Quit,402,402,388.20934759594684,0.9434139151701929,0.904056728674369,7,OVERLAP,Overlap
Continued,1160,1160,967.6855196946475,0.6905631189609979,0.5525648319061182,7,OVERLAP,Overlap
Overall,1562,1562,1469.4548051389552,1.9567729600488017,1.9522472520714707,7,TRUNCATED_IPTW,Modified-weight ATE
Quit,402,402,346.72883605577033,1.9567729600488017,1.9567729600488017,7,TRUNCATED_IPTW,Modified-weight ATE
Continued,1160,1160,1125.0950770537377,1.9567729600488017,1.6597663074678972,7,TRUNCATED_IPTW,Modified-weight ATE
Overall,1562,1562,1197.1876524540244,8.750320102432779,3.088348271446863,7,FULL,ATE
Quit,402,402,216.55035709425275,8.750320102432779,4.632522407170295,7,FULL,ATE
Continued,1160,1160,1041.7163676402192,4.4558258642765685,2.2279129321382842,7,FULL,ATE
Overall,1562,804,804,1,1,7,NEAREST,ATT
Quit,402,402,402,1,1,7,NEAREST,ATT
Continued,1160,402,402,1,1,7,NEAREST,ATT
Overall,1562,788,788,1,1,7,CALIPER,ATT
Quit,402,394,394,1,1,7,CALIPER,ATT
Continued,1160,394,394,1,1,7,CALIPER,ATT
Overall,1562,804,804,1,1,7,GENETIC,ATT
Quit,402,402,402,1,1,7,GENETIC,ATT
Continued,1160,402,402,1,1,7,GENETIC,ATT
Overall,1562,1562,1562,1,1,8,UNADJUSTED,Descriptive
Quit,402,402,402,1,1,8,UNADJUSTED,Descriptive
Continued,1160,1160,1160,1,1,8,UNADJUSTED,Descriptive
Overall,1562,1562,1016.3274136050649,15.819067399064439,7.50695773953342,8,IPTW,ATE
Quit,402,402,327.29539974223724,15.819067399064439,10.878476235553476,8,IPTW,ATE
Continued,1160,1160,1123.0240360929836,3.2977578597880495,2.217918549961144,8,IPTW,ATE
Overall,1562,1562,1442.4873523120368,4.07123245481684,1.9877193428073507,8,STABILIZED_IPTW,ATE
Quit,402,402,327.2953997422372,4.07123245481684,2.7997102731706134,8,STABILIZED_IPTW,ATE
Continued,1160,1160,1123.0240360929834,2.4490391276274885,1.6471098066292744,8,STABILIZED_IPTW,ATE
Overall,1562,1562,1058.988444687223,2.2977578597880495,1.1455565243962273,8,ATT,ATT
Quit,402,402,402,1,1,8,ATT,ATT
Continued,1160,1160,775.0361012386198,2.2977578597880495,1.2179185499611442,8,ATT,ATT
Overall,1562,1562,1107.9571965005946,0.9367851482787701,0.86676338561207,8,OVERLAP,Overlap
Quit,402,402,388.0004845064286,0.9367851482787701,0.9080572097653813,8,OVERLAP,Overlap
Continued,1160,1160,968.1184999007969,0.6967636671589129,0.5491256125847451,8,OVERLAP,Overlap
Overall,1562,1562,1467.589709573499,1.9877193428073507,1.9820199110452867,8,TRUNCATED_IPTW,Modified-weight ATE
Quit,402,402,345.01395623846645,1.9877193428073507,1.9877193428073507,8,TRUNCATED_IPTW,Modified-weight ATE
Continued,1160,1160,1125.3641202247468,1.9877193428073507,1.6471098066292744,8,TRUNCATED_IPTW,Modified-weight ATE
Overall,1562,1562,1208.6848029104349,7.206145966709347,3.088348271446863,8,FULL,ATE
Quit,402,402,226.33341166866626,7.206145966709347,4.632522407170295,8,FULL,ATE
Continued,1160,1160,1031.438720755269,5.198463508322663,2.2279129321382842,8,FULL,ATE
Overall,1562,804,804,1,1,8,NEAREST,ATT
Quit,402,402,402,1,1,8,NEAREST,ATT
Continued,1160,402,402,1,1,8,NEAREST,ATT
Overall,1562,788,788,1,1,8,CALIPER,ATT
Quit,402,394,394,1,1,8,CALIPER,ATT
Continued,1160,394,394,1,1,8,CALIPER,ATT
Overall,1562,804,804,1,1,8,GENETIC,ATT
Quit,402,402,402,1,1,8,GENETIC,ATT
Continued,1160,402,402,1,1,8,GENETIC,ATT
Overall,1562,1562,1562,1,1,9,UNADJUSTED,Descriptive
Quit,402,402,402,1,1,9,UNADJUSTED,Descriptive
Continued,1160,1160,1160,1,1,9,UNADJUSTED,Descriptive
Overall,1562,1562,1009.6788334761236,16.077149484776005,7.59037712939947,9,IPTW,ATE
Quit,402,402,324.64300989859595,16.077149484776005,11.09035389137308,9,IPTW,ATE
Continued,1160,1160,1121.5888286041843,3.3320722411138997,2.2503336187547354,9,IPTW,ATE
Overall,1562,1562,1437.7788799581856,4.137653068425067,2.038889848978405,9,STABILIZED_IPTW,ATE
Quit,402,402,324.6430098985959,4.137653068425067,2.8542396058463373,9,STABILIZED_IPTW,ATE
Continued,1160,1160,1121.5888286041843,2.474522278932217,1.6711824569497393,9,STABILIZED_IPTW,ATE
Overall,1562,1562,1054.1263900366746,2.3320722411138997,1.1735103090472183,9,ATT,ATT
Quit,402,402,402,1,1,9,ATT,ATT
Continued,1160,1160,764.799569435109,2.3320722411138997,1.2503336187547354,9,ATT,ATT
Overall,1562,1562,1104.9860459051795,0.9377999190125753,0.868254213431802,9,OVERLAP,Overlap
Quit,402,402,387.45265264411057,0.9377999190125753,0.9098155911464616,9,OVERLAP,Overlap
Continued,1160,1160,962.4688216948033,0.6998864587444528,0.5555124399988454,9,OVERLAP,Overlap
Overall,1562,1562,1463.7596149178241,2.038889848978405,2.033018568554334,9,TRUNCATED_IPTW,Modified-weight ATE
Quit,402,402,342.78004276019453,2.038889848978405,2.038889848978405,9,TRUNCATED_IPTW,Modified-weight ATE
Continued,1160,1160,1124.036166613701,2.038889848978405,1.6711824569497393,9,TRUNCATED_IPTW,Modified-weight ATE
Overall,1562,1562,1249.6103449886152,5.661971830985915,2.970550576184379,9,FULL,ATE
Quit,402,402,236.61196550804513,5.661971830985915,4.629948783610757,9,FULL,ATE
Continued,1160,1160,1059.9513958291143,3.7131882202304736,2.2279129321382842,9,FULL,ATE
Overall,1562,804,804,1,1,9,NEAREST,ATT
Quit,402,402,402,1,1,9,NEAREST,ATT
Continued,1160,402,402,1,1,9,NEAREST,ATT
Overall,1562,790,790,1,1,9,CALIPER,ATT
Quit,402,395,395,1,1,9,CALIPER,ATT
Continued,1160,395,395,1,1,9,CALIPER,ATT
Overall,1562,804,804,1,1,9,GENETIC,ATT
Quit,402,402,402,1,1,9,GENETIC,ATT
Continued,1160,402,402,1,1,9,GENETIC,ATT
Overall,1562,1562,1562,1,1,10,UNADJUSTED,Descriptive
Quit,402,402,402,1,1,10,UNADJUSTED,Descriptive
Continued,1160,1160,1160,1,1,10,UNADJUSTED,Descriptive
Overall,1562,1562,1018.980158278969,16.263322895065514,7.494355734903454,10,IPTW,ATE
Quit,402,402,327.707735598726,16.263322895065514,10.4415163013058,10,IPTW,ATE
Continued,1160,1160,1121.620724398159,3.2850878216679464,2.2590058634098744,10,IPTW,ATE
Overall,1562,1562,1442.061726888563,4.185567095913148,1.9888060468646513,10,STABILIZED_IPTW,ATE
Quit,402,402,327.70773559872595,4.185567095913148,2.687253235035168,10,STABILIZED_IPTW,ATE
Continued,1160,1160,1121.6207243981592,2.4396298803680008,1.6776227922890232,10,STABILIZED_IPTW,ATE
Overall,1562,1562,1055.466481300923,2.2850878216679464,1.1992749899431678,10,ATT,ATT
Quit,402,402,402,1,1,10,ATT,ATT
Continued,1160,1160,765.955662895106,2.2850878216679464,1.2590058634098749,10,ATT,ATT
Overall,1562,1562,1107.3140391655286,0.9385119506971474,0.8665662243207154,10,OVERLAP,Overlap
Quit,402,402,388.161162499373,0.9385119506971474,0.904218534089866,10,OVERLAP,Overlap
Continued,1160,1160,965.1622732397952,0.6955941349865443,0.5573064981326091,10,OVERLAP,Overlap
Overall,1562,1562,1467.3551254198949,1.9888060468646513,1.987926202092325,10,TRUNCATED_IPTW,Modified-weight ATE
Quit,402,402,345.60233681139306,1.9888060468646513,1.9888060468646513,10,TRUNCATED_IPTW,Modified-weight ATE
Continued,1160,1160,1124.2293490039362,1.9888060468646513,1.6776227922890232,10,TRUNCATED_IPTW,Modified-weight ATE
Overall,1562,1562,1228.9859190576783,7.463508322663253,3.188719590268853,10,FULL,ATE
Quit,402,402,228.97615774087438,7.463508322663253,4.372586427656853,10,FULL,ATE
Continued,1160,1160,1051.6756366440893,4.4558258642765685,2.2279129321382842,10,FULL,ATE
Overall,1562,804,804,1,1,10,NEAREST,ATT
Quit,402,402,402,1,1,10,NEAREST,ATT
Continued,1160,402,402,1,1,10,NEAREST,ATT
Overall,1562,792,792,1,1,10,CALIPER,ATT
Quit,402,396,396,1,1,10,CALIPER,ATT
Continued,1160,396,396,1,1,10,CALIPER,ATT
Overall,1562,804,804,1,1,10,GENETIC,ATT
Quit,402,402,402,1,1,10,GENETIC,ATT
Continued,1160,402,402,1,1,10,GENETIC,ATT
Overall,1562,1562,1562,1,1,11,UNADJUSTED,Descriptive
Quit,402,402,402,1,1,11,UNADJUSTED,Descriptive
Continued,1160,1160,1160,1,1,11,UNADJUSTED,Descriptive
Overall,1562,1562,1021.305444041228,17.91167657077287,7.344470244867059,11,IPTW,ATE
Quit,402,402,328.74039093454184,17.91167657077287,9.981004666913728,11,IPTW,ATE
Continued,1160,1160,1123.2990325384194,3.16501127766989,2.2453265345086235,11,IPTW,ATE
Overall,1562,1562,1444.823313462467,4.609791281338472,1.9540501239619492,11,STABILIZED_IPTW,ATE
Quit,402,402,328.74039093454184,4.609791281338472,2.56873487586384,11,STABILIZED_IPTW,ATE
Continued,1160,1160,1123.2990325384196,2.350456518628087,1.6674640077016665,11,STABILIZED_IPTW,ATE
Overall,1562,1562,1060.3777033437932,2.16501127766989,1.154646975070659,11,ATT,ATT
Quit,402,402,402,1,1,11,ATT,ATT
Continued,1160,1160,777.3616421292785,2.16501127766989,1.2453265345086235,11,ATT,ATT
Overall,1562,1562,1108.5599643536011,0.9441704970470639,0.8638431153903968,11,OVERLAP,Overlap
Quit,402,402,388.22963788013436,0.9441704970470639,0.8997962244130052,11,OVERLAP,Overlap
Continued,1160,1160,968.5327255021991,0.6840453596310061,0.5546145699465544,11,OVERLAP,Overlap
Overall,1562,1562,1470.2918559066306,1.9540501239619492,1.9463238044142033,11,TRUNCATED_IPTW,Modified-weight ATE
Quit,402,402,347.06453789347006,1.9540501239619492,1.9540501239619492,11,TRUNCATED_IPTW,Modified-weight ATE
Continued,1160,1160,1125.6053579854988,1.9540501239619492,1.6674640077016665,11,TRUNCATED_IPTW,Modified-weight ATE
Overall,1562,1562,1221.6892720442759,7.978233034571063,3.188719590268853,11,FULL,ATE
Quit,402,402,224.11304347826086,7.978233034571063,4.629948783610757,11,FULL,ATE
Continued,1160,1160,1054.525363605439,3.7131882202304736,2.2279129321382842,11,FULL,ATE
Overall,1562,804,804,1,1,11,NEAREST,ATT
Quit,402,402,402,1,1,11,NEAREST,ATT
Continued,1160,402,402,1,1,11,NEAREST,ATT
Overall,1562,790,790,1,1,11,CALIPER,ATT
Quit,402,395,395,1,1,11,CALIPER,ATT
Continued,1160,395,395,1,1,11,CALIPER,ATT
Overall,1562,804,804,1,1,11,GENETIC,ATT
Quit,402,402,402,1,1,11,GENETIC,ATT
Continued,1160,402,402,1,1,11,GENETIC,ATT
Overall,1562,1562,1562,1,1,12,UNADJUSTED,Descriptive
Quit,402,402,402,1,1,12,UNADJUSTED,Descriptive
Continued,1160,1160,1160,1,1,12,UNADJUSTED,Descriptive
Overall,1562,1562,1012.0568032810382,17.033936896051166,7.211926232117174,12,IPTW,ATE
Quit,402,402,325.1575616320897,17.033936896051166,11.39600535175735,12,IPTW,ATE
Continued,1160,1160,1122.0076895383522,3.2677234043855377,2.2318367180822154,12,IPTW,ATE
Overall,1562,1562,1439.0105078494964,4.383894130737881,1.9949048332090038,12,STABILIZED_IPTW,ATE
Quit,402,402,325.1575616320897,4.383894130737881,2.932902785791585,12,STABILIZED_IPTW,ATE
Continued,1160,1160,1122.0076895383522,2.4267344104271595,1.6574459622121442,12,STABILIZED_IPTW,ATE
Overall,1562,1562,1056.3646346277887,2.2677234043855377,1.155874171307384,12,ATT,ATT
Quit,402,402,402,1,1,12,ATT,ATT
Continued,1160,1160,768.3809482971275,2.2677234043855377,1.2318367180822154,12,ATT,ATT
Overall,1562,1562,1107.0991054289432,0.9412936653398181,0.8613032385788143,12,OVERLAP,Overlap
Quit,402,402,388.0991852351822,0.9412936653398181,0.9121810690372024,12,OVERLAP,Overlap
Continued,1160,1160,964.8923024197065,0.6939765468956391,0.5518255761507047,12,OVERLAP,Overlap
Overall,1562,1562,1467.6406891396825,1.9949048332090038,1.9893055872824763,12,TRUNCATED_IPTW,Modified-weight ATE
Quit,402,402,345.35491599917174,1.9949048332090038,1.9949048332090038,12,TRUNCATED_IPTW,Modified-weight ATE
Continued,1160,1160,1124.8436874188235,1.9949048332090038,1.6574459622121442,12,TRUNCATED_IPTW,Modified-weight ATE
Overall,1562,1562,1154.0476510310466,12.353393085787452,3.345710627400768,12,FULL,ATE
Quit,402,402,198.19989412416177,12.353393085787452,3.6030729833546733,12,FULL,ATE
Continued,1160,1160,1036.0303825947258,4.4558258642765685,2.2279129321382842,12,FULL,ATE
Overall,1562,804,804,1,1,12,NEAREST,ATT
Quit,402,402,402,1,1,12,NEAREST,ATT
Continued,1160,402,402,1,1,12,NEAREST,ATT
Overall,1562,792,792,1,1,12,CALIPER,ATT
Quit,402,396,396,1,1,12,CALIPER,ATT
Continued,1160,396,396,1,1,12,CALIPER,ATT
Overall,1562,804,804,1,1,12,GENETIC,ATT
Quit,402,402,402,1,1,12,GENETIC,ATT
Continued,1160,402,402,1,1,12,GENETIC,ATT
Overall,1562,1562,1562,1,1,13,UNADJUSTED,Descriptive
Quit,402,402,402,1,1,13,UNADJUSTED,Descriptive
Continued,1160,1160,1160,1,1,13,UNADJUSTED,Descriptive
Overall,1562,1562,1009.7735116783313,18.224599944689285,7.468465057857853,13,IPTW,ATE
Quit,402,402,324.8528545673725,18.224599944689285,11.487100110236934,13,IPTW,ATE
Continued,1160,1160,1123.3988442616358,3.2648832582757095,2.2118716162862126,13,IPTW,ATE
Overall,1562,1562,1439.5518379659936,4.690325978082646,1.993270206301869,13,STABILIZED_IPTW,ATE
Quit,402,402,324.85285456737245,4.690325978082646,2.9563471474489424,13,STABILIZED_IPTW,ATE
Continued,1160,1160,1123.398844261636,2.42462521101141,1.6426191260512204,13,STABILIZED_IPTW,ATE
Overall,1562,1562,1060.0703875644658,2.2648832582757095,1.1606435389978422,13,ATT,ATT
Quit,402,402,402,1,1,13,ATT,ATT
Continued,1160,1160,777.6068170474697,2.2648832582757095,1.2118716162862126,13,ATT,ATT
Overall,1562,1562,1108.1265806990907,0.9451291110348129,0.8661032278893979,13,OVERLAP,Overlap
Quit,402,402,388.0043875964699,0.9451291110348129,0.9129333072760342,13,OVERLAP,Overlap
Continued,1160,1160,968.6116742282567,0.6937103348288991,0.5478851383783818,13,OVERLAP,Overlap
Overall,1562,1562,1468.0635964104324,1.993270206301869,1.9869795586496308,13,TRUNCATED_IPTW,Modified-weight ATE
Quit,402,402,345.3072138751259,1.993270206301869,1.993270206301869,13,TRUNCATED_IPTW,Modified-weight ATE
Continued,1160,1160,1125.4766725610737,1.993270206301869,1.6426191260512204,13,TRUNCATED_IPTW,Modified-weight ATE
Overall,1562,1562,1211.5064824444046,9.26504481434059,3.0164916773367327,13,FULL,ATE
Quit,402,402,227.91275240927277,9.26504481434059,4.112650448143411,13,FULL,ATE
Continued,1160,1160,1031.24399278287,5.198463508322663,2.2279129321382842,13,FULL,ATE
Overall,1562,804,804,1,1,13,NEAREST,ATT
Quit,402,402,402,1,1,13,NEAREST,ATT
Continued,1160,402,402,1,1,13,NEAREST,ATT
Overall,1562,786,786,1,1,13,CALIPER,ATT
Quit,402,393,393,1,1,13,CALIPER,ATT
Continued,1160,393,393,1,1,13,CALIPER,ATT
Overall,1562,804,804,1,1,13,GENETIC,ATT
Quit,402,402,402,1,1,13,GENETIC,ATT
Continued,1160,402,402,1,1,13,GENETIC,ATT
Overall,1562,1562,1562,1,1,14,UNADJUSTED,Descriptive
Quit,402,402,402,1,1,14,UNADJUSTED,Descriptive
Continued,1160,1160,1160,1,1,14,UNADJUSTED,Descriptive
Overall,1562,1562,1011.8047537829004,16.71558536380823,7.5000555661609285,14,IPTW,ATE
Quit,402,402,325.25074893771944,16.71558536380823,10.67943682176208,14,IPTW,ATE
Continued,1160,1160,1120.7542583519275,3.4248651377441117,2.231299978886404,14,IPTW,ATE
Overall,1562,1562,1437.9501864070508,4.301962430378303,2.035780778414057,14,STABILIZED_IPTW,ATE
Quit,402,402,325.2507489377195,4.301962430378303,2.7484850207095755,14,STABILIZED_IPTW,ATE
Continued,1160,1160,1120.7542583519273,2.5434337770698905,1.6570473594802997,14,STABILIZED_IPTW,ATE
Overall,1562,1562,1051.9379909612421,2.4248651377441117,1.1797223941852804,14,ATT,ATT
Quit,402,402,402,1,1,14,ATT,ATT
Continued,1160,1160,759.433810715368,2.4248651377441117,1.2312999788864039,14,ATT,ATT
Overall,1562,1562,1104.7584698999747,0.9401755919260146,0.8666665780554569,14,OVERLAP,Overlap
Quit,402,402,387.5197792035387,0.9401755919260146,0.9063543897497657,14,OVERLAP,Overlap
Continued,1160,1160,961.3651675368304,0.7080177000316341,0.5518307386128989,14,OVERLAP,Overlap
Overall,1562,1562,1463.3852002445856,2.035780778414057,2.0331921514091125,14,TRUNCATED_IPTW,Modified-weight ATE
Quit,402,402,342.8018285058807,2.035780778414057,2.035780778414057,14,TRUNCATED_IPTW,Modified-weight ATE
Continued,1160,1160,1123.6289706735042,2.035780778414057,1.6570473594802997,14,TRUNCATED_IPTW,Modified-weight ATE
Overall,1562,1562,1212.7434073357267,8.750320102432779,3.0164916773367327,14,FULL,ATE
Quit,402,402,225.13012707439765,8.750320102432779,4.370012804097316,14,FULL,ATE
Continued,1160,1160,1039.8653030888304,4.4558258642765685,2.2279129321382842,14,FULL,ATE
Overall,1562,804,804,1,1,14,NEAREST,ATT
Quit,402,402,402,1,1,14,NEAREST,ATT
Continued,1160,402,402,1,1,14,NEAREST,ATT
Overall,1562,792,792,1,1,14,CALIPER,ATT
Quit,402,396,396,1,1,14,CALIPER,ATT
Continued,1160,396,396,1,1,14,CALIPER,ATT
Overall,1562,804,804,1,1,14,GENETIC,ATT
Quit,402,402,402,1,1,14,GENETIC,ATT
Continued,1160,402,402,1,1,14,GENETIC,ATT
Overall,1562,1562,1562,1,1,15,UNADJUSTED,Descriptive
Quit,402,402,402,1,1,15,UNADJUSTED,Descriptive
Continued,1160,1160,1160,1,1,15,UNADJUSTED,Descriptive
Overall,1562,1562,1005.3631204570353,17.297162899801535,7.5172239285423075,15,IPTW,ATE
Quit,402,402,323.0420523565331,17.297162899801535,10.948268395803346,15,IPTW,ATE
Continued,1160,1160,1121.246403860053,3.3152041260932124,2.302348056344628,15,IPTW,ATE
Overall,1562,1562,1435.3237833186442,4.451638595211407,2.063199125781051,15,STABILIZED_IPTW,ATE
Quit,402,402,323.042052356533,4.451638595211407,2.8176721479596325,15,STABILIZED_IPTW,ATE
Continued,1160,1160,1121.2464038600529,2.461995381733755,1.7098103363378798,15,STABILIZED_IPTW,ATE
Overall,1562,1562,1052.993413797674,2.3152041260932124,1.2002184992870277,15,ATT,ATT
Quit,402,402,402,1,1,15,ATT,ATT
Continued,1160,1160,762.409741319063,2.3152041260932124,1.302348056344628,15,ATT,ATT
Overall,1562,1562,1104.2012144856405,0.9421870508017547,0.8669718914331295,15,OVERLAP,Overlap
Quit,402,402,387.34588990996775,0.9421870508017547,0.908644971627453,15,OVERLAP,Overlap
Continued,1160,1160,960.747448140327,0.6983594487804751,0.5656563037373424,15,OVERLAP,Overlap
Overall,1562,1562,1461.7294350504135,2.063199125781051,2.0548497496850504,15,TRUNCATED_IPTW,Modified-weight ATE
Quit,402,402,341.84190237663233,2.063199125781051,2.063199125781051,15,TRUNCATED_IPTW,Modified-weight ATE
Continued,1160,1160,1123.1186712311114,2.063199125781051,1.7098103363378798,15,TRUNCATED_IPTW,Modified-weight ATE
Overall,1562,1562,1233.60166361125,7.206145966709347,3.188719590268853,15,FULL,ATE
Quit,402,402,234.93735405750235,7.206145966709347,4.3751600512163895,15,FULL,ATE
Continued,1160,1160,1043.1318083227566,3.7131882202304736,2.2279129321382842,15,FULL,ATE
Overall,1562,804,804,1,1,15,NEAREST,ATT
Quit,402,402,402,1,1,15,NEAREST,ATT
Continued,1160,402,402,1,1,15,NEAREST,ATT
Overall,1562,792,792,1,1,15,CALIPER,ATT
Quit,402,396,396,1,1,15,CALIPER,ATT
Continued,1160,396,396,1,1,15,CALIPER,ATT
Overall,1562,804,804,1,1,15,GENETIC,ATT
Quit,402,402,402,1,1,15,GENETIC,ATT
Continued,1160,402,402,1,1,15,GENETIC,ATT
Overall,1562,1562,1562,1,1,16,UNADJUSTED,Descriptive
Quit,402,402,402,1,1,16,UNADJUSTED,Descriptive
Continued,1160,1160,1160,1,1,16,UNADJUSTED,Descriptive
Overall,1562,1562,1016.7852382407701,17.1602624623412,7.273145200567028,16,IPTW,ATE
Quit,402,402,327.0719038318845,17.1602624623412,10.70364599244594,16,IPTW,ATE
Continued,1160,1160,1122.384968409143,3.2442225586974667,2.247553911951205,16,IPTW,ATE
Overall,1562,1562,1441.8127273080079,4.416405576095495,2.046334593769466,16,STABILIZED_IPTW,ATE
Quit,402,402,327.07190383188447,4.416405576095495,2.754715549912464,16,STABILIZED_IPTW,ATE
Continued,1160,1160,1122.3849684091426,2.40928179775228,1.6691181420380268,16,STABILIZED_IPTW,ATE
Overall,1562,1562,1057.749078021042,2.2442225586974667,1.1833750546919886,16,ATT,ATT
Quit,402,402,402,1,1,16,ATT,ATT
Continued,1160,1160,771.1441303848128,2.2442225586974667,1.2475539119512054,16,ATT,ATT
Overall,1562,1562,1108.1101440661744,0.9417258330288051,0.8625073397383117,16,OVERLAP,Overlap
Quit,402,402,388.2083007213259,0.9417258330288051,0.9065697747749459,16,OVERLAP,Overlap
Continued,1160,1160,967.2931221102367,0.691759741538357,0.5550692040745987,16,OVERLAP,Overlap
Overall,1562,1562,1467.0858247101546,2.046334593769466,2.0394146574728325,16,TRUNCATED_IPTW,Modified-weight ATE
Quit,402,402,345.5754196077016,2.046334593769466,2.046334593769466,16,TRUNCATED_IPTW,Modified-weight ATE
Continued,1160,1160,1124.0629918349775,2.046334593769466,1.6691181420380268,16,TRUNCATED_IPTW,Modified-weight ATE
Overall,1562,1562,1215.9437812504916,9.522407170294494,3.088348271446863,16,FULL,ATE
Quit,402,402,227.46159009546537,9.522407170294494,3.6030729833546733,16,FULL,ATE
Continued,1160,1160,1038.210545047868,4.4558258642765685,2.970550576184379,16,FULL,ATE
Overall,1562,804,804,1,1,16,NEAREST,ATT
Quit,402,402,402,1,1,16,NEAREST,ATT
Continued,1160,402,402,1,1,16,NEAREST,ATT
Overall,1562,792,792,1,1,16,CALIPER,ATT
Quit,402,396,396,1,1,16,CALIPER,ATT
Continued,1160,396,396,1,1,16,CALIPER,ATT
Overall,1562,804,804,1,1,16,GENETIC,ATT
Quit,402,402,402,1,1,16,GENETIC,ATT
Continued,1160,402,402,1,1,16,GENETIC,ATT
Overall,1562,1562,1562,1,1,17,UNADJUSTED,Descriptive
Quit,402,402,402,1,1,17,UNADJUSTED,Descriptive
Continued,1160,1160,1160,1,1,17,UNADJUSTED,Descriptive
Overall,1562,1562,1014.7640233896012,15.80175601638705,7.586234591387388,17,IPTW,ATE
Quit,402,402,326.7460469545111,15.80175601638705,10.997911592638408,17,IPTW,ATE
Continued,1160,1160,1122.9106844753883,3.3113536905905687,2.186669411188349,17,IPTW,ATE
Overall,1562,1562,1441.642520897415,4.066777156586168,2.0227028940919114,17,STABILIZED_IPTW,ATE
Quit,402,402,326.74604695451114,4.066777156586168,2.8304484380541877,17,STABILIZED_IPTW,ATE
Continued,1160,1160,1122.9106844753878,2.4591359033835207,1.6239030198325766,17,STABILIZED_IPTW,ATE
Overall,1562,1562,1058.3368281151616,2.3113536905905687,1.1346776322481933,17,ATT,ATT
Quit,402,402,402,1,1,17,ATT,ATT
Continued,1160,1160,774.0203445112473,2.3113536905905687,1.1866694111883491,17,ATT,ATT
Overall,1562,1562,1107.1758976464143,0.9367158941725868,0.8681777269584396,17,OVERLAP,Overlap
Quit,402,402,387.7387276862231,0.9367158941725868,0.9090538832596107,17,OVERLAP,Overlap
Continued,1160,1160,967.3620455380869,0.6980087017458853,0.5426589404200186,17,OVERLAP,Overlap
Overall,1562,1562,1466.3491905231804,2.0227028940919114,2.01558997039168,17,TRUNCATED_IPTW,Modified-weight ATE
Quit,402,402,344.2170794876059,2.0227028940919114,2.0227028940919114,17,TRUNCATED_IPTW,Modified-weight ATE
Continued,1160,1160,1125.0768012273077,2.0227028940919114,1.6239030198325766,17,TRUNCATED_IPTW,Modified-weight ATE
Overall,1562,1562,1227.9759231075298,6.9487836107554415,3.088348271446863,17,FULL,ATE
Quit,402,402,236.32014386747144,6.9487836107554415,4.115224071702947,17,FULL,ATE
Continued,1160,1160,1032.656104555459,4.4558258642765685,2.2279129321382842,17,FULL,ATE
Overall,1562,804,804,1,1,17,NEAREST,ATT
Quit,402,402,402,1,1,17,NEAREST,ATT
Continued,1160,402,402,1,1,17,NEAREST,ATT
Overall,1562,786,786,1,1,17,CALIPER,ATT
Quit,402,393,393,1,1,17,CALIPER,ATT
Continued,1160,393,393,1,1,17,CALIPER,ATT
Overall,1562,804,804,1,1,17,GENETIC,ATT
Quit,402,402,402,1,1,17,GENETIC,ATT
Continued,1160,402,402,1,1,17,GENETIC,ATT
Overall,1562,1562,1562,1,1,18,UNADJUSTED,Descriptive
Quit,402,402,402,1,1,18,UNADJUSTED,Descriptive
Continued,1160,1160,1160,1,1,18,UNADJUSTED,Descriptive
Overall,1562,1562,1026.5027291504998,17.463174550643448,7.335886540770389,18,IPTW,ATE
Quit,402,402,330.53467869618214,17.463174550643448,9.810231964839886,18,IPTW,ATE
Continued,1160,1160,1123.760269712973,3.15106123330377,2.215536134663738,18,IPTW,ATE
Overall,1562,1562,1447.638319498036,4.494363744787878,1.9443737872475526,18,STABILIZED_IPTW,ATE
Quit,402,402,330.5346786961821,4.494363744787878,2.524784410925502,18,STABILIZED_IPTW,ATE
Continued,1160,1160,1123.760269712973,2.3400966905456935,1.6453405353456696,18,STABILIZED_IPTW,ATE
Overall,1562,1562,1062.5230952501267,2.15106123330377,1.168637834856748,18,ATT,ATT
Quit,402,402,402,1,1,18,ATT,ATT
Continued,1160,1160,781.1390177250644,2.15106123330377,1.2155361346637379,18,ATT,ATT
Overall,1562,1562,1110.3937545965102,0.9427366429225118,0.8636767785430375,18,OVERLAP,Overlap
Quit,402,402,388.6894770860994,0.9427366429225118,0.8980412038971869,18,OVERLAP,Overlap
Continued,1160,1160,971.2717918250027,0.6826465987296803,0.5486334592004138,18,OVERLAP,Overlap
Overall,1562,1562,1472.2079721533933,1.9443737872475526,1.941129283227022,18,TRUNCATED_IPTW,Modified-weight ATE
Quit,402,402,348.4795959012639,1.9443737872475526,1.9443737872475526,18,TRUNCATED_IPTW,Modified-weight ATE
Continued,1160,1160,1125.8842255153982,1.9443737872475526,1.6453405353456696,18,TRUNCATED_IPTW,Modified-weight ATE
Overall,1562,1562,1219.4572985725424,9.7797695262484,2.970550576184379,18,FULL,ATE
Quit,402,402,225.57312179878332,9.7797695262484,3.6030729833546733,18,FULL,ATE
Continued,1160,1160,1047.691937482958,4.4558258642765685,2.2279129321382842,18,FULL,ATE
Overall,1562,804,804,1,1,18,NEAREST,ATT
Quit,402,402,402,1,1,18,NEAREST,ATT
Continued,1160,402,402,1,1,18,NEAREST,ATT
Overall,1562,792,792,1,1,18,CALIPER,ATT
Quit,402,396,396,1,1,18,CALIPER,ATT
Continued,1160,396,396,1,1,18,CALIPER,ATT
Overall,1562,804,804,1,1,18,GENETIC,ATT
Quit,402,402,402,1,1,18,GENETIC,ATT
Continued,1160,402,402,1,1,18,GENETIC,ATT
Overall,1562,1562,1562,1,1,19,UNADJUSTED,Descriptive
Quit,402,402,402,1,1,19,UNADJUSTED,Descriptive
Continued,1160,1160,1160,1,1,19,UNADJUSTED,Descriptive
Overall,1562,1562,1009.1234599155157,15.548559728436693,7.7075087131068845,19,IPTW,ATE
Quit,402,402,324.6878604895413,15.548559728436693,11.056462677167437,19,IPTW,ATE
Continued,1160,1160,1122.1079631705177,3.2780555017172177,2.2268523243440663,19,IPTW,ATE
Overall,1562,1562,1438.1687602458508,4.001613963400481,2.0339771820370105,19,STABILIZED_IPTW,ATE
Quit,402,402,324.6878604895413,4.001613963400481,2.845517283112235,19,STABILIZED_IPTW,ATE
Continued,1160,1160,1122.1079631705177,2.4344074148476134,1.6537443637894471,19,STABILIZED_IPTW,ATE
Overall,1562,1562,1055.1019023113295,2.2780555017172177,1.1107313040521063,19,ATT,ATT
Quit,402,402,402,1,1,19,ATT,ATT
Continued,1160,1160,767.887868711314,2.2780555017172177,1.2268523243440663,19,ATT,ATT
Overall,1562,1562,1104.432963247507,0.9356853613797358,0.8702515487356581,19,OVERLAP,Overlap
Quit,402,402,387.18844556496987,0.9356853613797358,0.9095496284286402,19,OVERLAP,Overlap
Continued,1160,1160,962.4209894564096,0.6949411016756283,0.5509072558377412,19,OVERLAP,Overlap
Overall,1562,1562,1463.2654531921123,2.0339771820370105,2.029991050479179,19,TRUNCATED_IPTW,Modified-weight ATE
Quit,402,402,342.266280494034,2.0339771820370105,2.0339771820370105,19,TRUNCATED_IPTW,Modified-weight ATE
Continued,1160,1160,1124.229784407343,2.0339771820370105,1.6537443637894471,19,TRUNCATED_IPTW,Modified-weight ATE
Overall,1562,1562,1208.7869801596426,9.522407170294494,3.088348271446863,19,FULL,ATE
Quit,402,402,225.3560900065733,9.522407170294494,3.857861715749042,19,FULL,ATE
Continued,1160,1160,1034.0282852523685,4.4558258642765685,2.532394366197244,19,FULL,ATE
Overall,1562,804,804,1,1,19,NEAREST,ATT
Quit,402,402,402,1,1,19,NEAREST,ATT
Continued,1160,402,402,1,1,19,NEAREST,ATT
Overall,1562,782,782,1,1,19,CALIPER,ATT
Quit,402,391,391,1,1,19,CALIPER,ATT
Continued,1160,391,391,1,1,19,CALIPER,ATT
Overall,1562,804,804,1,1,19,GENETIC,ATT
Quit,402,402,402,1,1,19,GENETIC,ATT
Continued,1160,402,402,1,1,19,GENETIC,ATT
Overall,1562,1562,1562,1,1,20,UNADJUSTED,Descriptive
Quit,402,402,402,1,1,20,UNADJUSTED,Descriptive
Continued,1160,1160,1160,1,1,20,UNADJUSTED,Descriptive
Overall,1562,1562,1017.8283785982546,15.618170157886603,7.486018859032171,20,IPTW,ATE
Quit,402,402,327.6284279805524,15.618170157886603,10.192819992055268,20,IPTW,ATE
Continued,1160,1160,1123.0719728087956,3.280828581337617,2.260170936538566,20,IPTW,ATE
Overall,1562,1562,1443.0750388695615,4.019529067522673,1.9873118300533754,20,STABILIZED_IPTW,ATE
Quit,402,402,327.6284279805524,4.019529067522673,2.62324816696941,20,STABILIZED_IPTW,ATE
Continued,1160,1160,1123.0719728087956,2.436466808163659,1.6784880194524558,20,STABILIZED_IPTW,ATE
Overall,1562,1562,1059.2781639545738,2.280828581337617,1.1352370145350124,20,ATT,ATT
Quit,402,402,402,1,1,20,ATT,ATT
Continued,1160,1160,775.4764019057579,2.280828581337617,1.2601709365385658,20,ATT,ATT
Overall,1562,1562,1107.9785698678465,0.9359720127331923,0.8664133872704505,20,OVERLAP,Overlap
Quit,402,402,388.05251430099366,0.9359720127331923,0.9018805089845848,20,OVERLAP,Overlap
Continued,1160,1160,967.8599605953148,0.6951989489215273,0.5575061279331684,20,OVERLAP,Overlap
Overall,1562,1562,1468.3984238124747,1.9873118300533754,1.986097417293079,20,TRUNCATED_IPTW,Modified-weight ATE
Quit,402,402,345.6021838557058,1.9873118300533754,1.9873118300533754,20,TRUNCATED_IPTW,Modified-weight ATE
Continued,1160,1160,1125.4500007816953,1.9873118300533754,1.6784880194524558,20,TRUNCATED_IPTW,Modified-weight ATE
Overall,1562,1562,1171.3829871273829,7.463508322663253,3.6460179257362215,20,FULL,ATE
Quit,402,402,210.66311317822314,7.463508322663253,5.656824583866841,20,FULL,ATE
Continued,1160,1160,1022.6834349535252,4.4558258642765685,2.532394366197244,20,FULL,ATE
Overall,1562,804,804,1,1,20,NEAREST,ATT
Quit,402,402,402,1,1,20,NEAREST,ATT
Continued,1160,402,402,1,1,20,NEAREST,ATT
Overall,1562,790,790,1,1,20,CALIPER,ATT
Quit,402,395,395,1,1,20,CALIPER,ATT
Continued,1160,395,395,1,1,20,CALIPER,ATT
Overall,1562,804,804,1,1,20,GENETIC,ATT
Quit,402,402,402,1,1,20,GENETIC,ATT
Continued,1160,402,402,1,1,20,GENETIC,ATT
